REPORT_MONTH,COST_OVERRUN_PCT,SCHEDULE_CHANGE_DAYS,DELAY_INDICATOR
APRIL,0.0,,0
APRIL,5.236319597157153,1097.0,1
APRIL,19.971224357189268,2924.0,1
APRIL,0.0,1098.0,1
APRIL,0.0,1099.0,1
APRIL,71.16884130810294,1458.0,1
APRIL,-94.3456495828367,4742.0,1
APRIL,0.0,365.0,1
APRIL,0.0,2930.0,1
APRIL,0.0,2188.0,1
APRIL,39.94664079553723,1091.0,1
APRIL,0.0,,0
APRIL,4.759041116888924,2192.0,1
APRIL,0.0,1461.0,1
APRIL,54.23991459908056,1467.0,1
APRIL,32.82813196966801,2548.0,1
APRIL,0.0,2916.0,1
APRIL,0.0,2551.0,1
APRIL,0.0,2548.0,1
APRIL,0.0,1095.0,1
APRIL,26.35545139170893,2184.0,1
APRIL,0.0,0.0,0
APRIL,0.0,0.0,0
APRIL,-0.0018685302141318,1096.0,1
APRIL,-0.1557850516366158,364.0,1
APRIL,0.0,9.0,1
APRIL,0.0,3653.0,1
APRIL,0.0,369.0,1
APRIL,0.0,364.0,1
APRIL,8.0430077497731,367.0,1
JULY,0.0,365.0,1
JULY,0.0,0.0,0
JULY,241.4179538765941,3646.0,1
JULY,67.37335092348286,730.0,1
JULY,0.0,,0
JULY,0.0,,0
JULY,0.0,,0
JULY,0.0,,0
JULY,0.0,,0
JULY,0.0,,0
JULY,0.0,,0
JULY,0.0,,0
JULY,0.0,,0
JULY,0.0,,0
JULY,0.0,,0
JULY,0.0,,0
JULY,0.0,,0
JULY,0.0,,0
JULY,0.0,,0
JULY,0.0,,0
JULY,0.0,,0
JULY,0.0,,0
JULY,0.0,0.0,0
JULY,0.0,,0
JULY,0.0,0.0,0
JULY,-0.0153583617747494,0.0,0
JULY,0.0,,0
JULY,0.0,,0
JULY,0.0,,0
JULY,0.0,,0
JULY,0.0,,0
JULY,0.0,,0
JULY,0.0,,0
JULY,0.0,,0
JULY,0.0,-371.0,0
JULY,0.0,0.0,0
JULY,0.0,,0
JULY,0.0,,0
JULY,0.0,,0
JULY,0.0,,0
JULY,0.0,0.0,0
JUNE,-3.8727524204702575,732.0,1
JUNE,47.41185990058952,1456.0,1
JUNE,6.212083282289458,371.0,1
JUNE,-1.6714076060369811,1465.0,1
JUNE,0.0,,0
JUNE,-22.10327330613869,368.0,1
JUNE,26.038914557167946,361.0,1
JUNE,0.0,367.0,1
JUNE,0.0,367.0,1
JUNE,21.03871312890596,3652.0,1
JUNE,0.0,1470.0,1
JUNE,20.6143102194441,365.0,1
JUNE,154.08400000000003,,0
JUNE,-14.258770686610116,365.0,1
JUNE,0.0,1097.0,1
JUNE,86.687306501548,1095.0,1
JUNE,-14.340290221974833,360.0,1
JUNE,-29.782532325510235,0.0,0
JUNE,0.0,8.0,1
JUNE,0.0,0.0,0
JUNE,0.0,0.0,0
JUNE,-16.82383267530265,8.0,1
JUNE,0.0,,0
JUNE,24.748584083647987,734.0,1
JUNE,-0.1123141201311829,1458.0,1
JUNE,0.0,365.0,1
JUNE,18.97302001740644,1461.0,1
JUNE,1.9014871486289109,724.0,1
JUNE,-1.5284526064399198,2185.0,1
JUNE,1.3417812528084894,736.0,1
JUNE,0.0,729.0,1
JUNE,90.45538461538465,,0
JUNE,33.01440432970284,10.0,1
JUNE,-19.60466335076981,728.0,1
JUNE,104.15384615384616,,0
JUNE,0.0,4757.0,1
JUNE,-9.224744795013978,0.0,0
JUNE,50.14212820314857,1101.0,1
JUNE,-13.486364230978436,4.0,1
JUNE,0.0,0.0,0
JUNE,0.0,4.0,1
JUNE,43.75752625681943,6.0,1
JUNE,0.0,729.0,1
JUNE,0.0,-1096.0,0
JUNE,68.72105915345983,1463.0,1
JUNE,-17.041472423626963,2197.0,1
JUNE,-15.145296519029014,9.0,1
JUNE,0.0,0.0,0
JUNE,0.0,,0
JUNE,1.34124493501184,0.0,0
JUNE,14.445011048784623,365.0,1
JUNE,14.587209302325585,0.0,0
JUNE,22.427100785403717,731.0,1
JUNE,0.0,1092.0,1
JUNE,61.61614129669488,1461.0,1
JUNE,0.6128105045880391,0.0,0
JUNE,0.0,731.0,1
JUNE,-15.915088927137123,7.0,1
JUNE,-8.322992015935432e-05,,0
JUNE,15.820780116076506,366.0,1
JUNE,-32.06241348936707,0.0,0
JUNE,-28.314385150812072,0.0,0
JUNE,0.0,2196.0,1
JUNE,7.824579194301733e-05,,0
JUNE,36.840646651270205,1096.0,1
JUNE,-6.523638360541159,729.0,1
JUNE,1.0637704179098155,7.0,1
JUNE,-68.42293085908163,362.0,1
JUNE,0.0,722.0,1
JUNE,101.92000000000002,,0
JUNE,29.141497434310104,1822.0,1
JUNE,-0.0689834899514119,370.0,1
JUNE,3.78912530439933,366.0,1
JUNE,2.295005508334872,1096.0,1
JUNE,0.0,,0
JUNE,0.0,,0
JUNE,0.0,,0
JUNE,13.784660934920009,364.0,1
JUNE,-3.7511845565765416,0.0,0
JUNE,5.1306912293459375,369.0,1
JUNE,-1.4275776547802648,370.0,1
JUNE,-0.0002037112108361,368.0,1
JUNE,-23.92808351140226,362.0,1
JUNE,0.0,,0
JUNE,-13.604421345435917,733.0,1
JUNE,100.0,,0
JUNE,0.0,0.0,0
JUNE,-11.815240736209658,1099.0,1
JUNE,0.0,11.0,1
JUNE,0.0,0.0,0
JUNE,-2.292293450590148,356.0,1
JUNE,8.106017261247606,0.0,0
JUNE,8.125269978401729,724.0,1
JUNE,16.63898916967508,0.0,0
JUNE,-5.642628533196191,1092.0,1
JUNE,0.0,-361.0,0
JUNE,0.2202516714596645,0.0,0
JUNE,-30.97280603928969,730.0,1
JUNE,38.87963806591472,1105.0,1
JUNE,-12.674971105688972,732.0,1
JUNE,-14.515807591267334,373.0,1
JUNE,0.0,0.0,0
JUNE,0.2454630060493268,0.0,0
JUNE,4.8950622924853,369.0,1
JUNE,-29.701876608297244,727.0,1
JUNE,0.0,1094.0,1
JUNE,0.0,,0
JUNE,-16.119578744530227,368.0,1
JUNE,0.0,0.0,0
JUNE,0.0,368.0,1
JUNE,6.568586995882002,727.0,1
JUNE,0.0,0.0,0
JUNE,0.0,0.0,0
JUNE,-16.647002433448854,370.0,1
JUNE,8.529176760054282,0.0,0
JUNE,0.0,,0
JUNE,4.427307175457931,3.0,1
JUNE,-25.933664142073653,1094.0,1
JUNE,0.0,0.0,0
JUNE,79.77430303733576,363.0,1
JUNE,9.122430043463396,359.0,1
JUNE,0.0,,0
JUNE,0.0,0.0,0
JUNE,19.12865852116061,1103.0,1
JUNE,-18.19932200612447,367.0,1
JUNE,-3.6458333333333335,369.0,1
JUNE,-12.562709488027696,366.0,1
JUNE,0.0,0.0,0
JUNE,0.0,0.0,0
JUNE,5.936885372698948,1093.0,1
JUNE,59.41407645587711,729.0,1
JUNE,9.823302416897969,374.0,1
JUNE,0.0,0.0,0
JUNE,0.0,4.0,1
JUNE,-1.63321832356348,2187.0,1
JUNE,-17.29444896701943,370.0,1
JUNE,-12.432016700543874,10.0,1
JUNE,0.0,0.0,0
JUNE,-10.652563981490232,367.0,1
JUNE,8.628926749672932,1092.0,1
JUNE,-16.502177648140005,364.0,1
JUNE,0.0,0.0,0
JUNE,0.0,0.0,0
JUNE,31.145117504233365,721.0,1
JUNE,-18.10643899318456,725.0,1
JUNE,-12.56562883998532,369.0,1
JUNE,16.028288439750003,364.0,1
JUNE,0.0,0.0,0
JUNE,-20.09509654422504,727.0,1
JUNE,-0.8808022922636041,1096.0,1
JUNE,-0.0368421052631543,0.0,0
JUNE,27.73921448027413,0.0,0
JUNE,0.0,1459.0,1
JUNE,0.0,-359.0,0
JUNE,-32.33039884139098,728.0,1
JUNE,21.80964645435969,732.0,1
JUNE,-15.055563885973244,374.0,1
JUNE,2.9257670519663392,6.0,1
JUNE,-14.104359261981214,371.0,1
JUNE,40.12779455734818,1102.0,1
JUNE,8.74439461883408,0.0,0
JUNE,0.0,366.0,1
JUNE,-3.0785771474322297,730.0,1
JUNE,-14.08570560226928,366.0,1
JUNE,19.347482957794217,728.0,1
JUNE,27.34734121221004,2555.0,1
JUNE,0.0,0.0,0
JUNE,40.8962942667306,1462.0,1
JUNE,0.0,733.0,1
JUNE,34.729937898866936,739.0,1
JUNE,0.0,2.0,1
JUNE,15.032953105196452,1463.0,1
JUNE,-57.574667146455546,6206.0,1
JUNE,-10.55886233394768,365.0,1
JUNE,0.0,0.0,0
JUNE,0.0,0.0,0
JUNE,136.58153846153846,,0
JUNE,0.0,,0
JUNE,0.0,370.0,1
JUNE,1.953016926985096,1828.0,1
JUNE,6.014276639498704,1096.0,1
JUNE,6.021211084502235,373.0,1
JUNE,116.06457242582896,731.0,1
JUNE,-1.843610934520024,365.0,1
JUNE,-20.59704009782013,1097.0,1
JUNE,69.23076923076923,,0
JUNE,30.134561901283806,729.0,1
JUNE,0.3990376638460216,1094.0,1
JUNE,-1.9238088647451652,732.0,1
JUNE,0.0,365.0,1
JUNE,-32.85050520662275,722.0,1
JUNE,47.92887281494876,729.0,1
JUNE,-26.49748832372304,370.0,1
JUNE,0.0,,0
JUNE,67.70091301294272,731.0,1
JUNE,-9.3307172443863,356.0,1
JUNE,0.0,0.0,0
JUNE,0.0,735.0,1
JUNE,3.463806037569179,734.0,1
JUNE,54.59136523654754,367.0,1
JUNE,0.0,0.0,0
JUNE,17.911179602129437,2194.0,1
JUNE,16.916713624961023,1822.0,1
JUNE,7.332058383891664,735.0,1
JUNE,0.0,366.0,1
JUNE,0.0,4.0,1
JUNE,-4.7120212105827255,1827.0,1
JUNE,37.5,1092.0,1
JUNE,14.265173366594777,0.0,0
JUNE,0.0,371.0,1
JUNE,0.0,0.0,0
JUNE,9.603960396039604,362.0,1
JUNE,0.0,,0
JUNE,0.0,0.0,0
JUNE,18.848610226433596,731.0,1
JUNE,-11.114434024736711,0.0,0
JUNE,0.0,,0
JUNE,0.0,365.0,1
JUNE,0.0,,0
JUNE,0.0,1819.0,1
JUNE,-11.167329011972123,732.0,1
JUNE,2.6248813734794227,734.0,1
JUNE,18.928226585130357,1090.0,1
JUNE,12.07847441349981,364.0,1
JUNE,0.0060261131570082,367.0,1
JUNE,-46.7294161028277,725.0,1
JUNE,36.01700412130404,736.0,1
JUNE,4.895141113289027,2556.0,1
JUNE,0.0,,0
JUNE,0.0,0.0,0
JUNE,60.51870762676042,2552.0,1
JUNE,6.205669272744134,735.0,1
JUNE,-2.110575820142238,2548.0,1
JUNE,207.6469914415225,1456.0,1
JUNE,18.85057471264368,0.0,0
JUNE,0.2266081871345084,1099.0,1
JUNE,0.0,4.0,1
JUNE,-5.461574121363075,364.0,1
JUNE,0.0,363.0,1
JUNE,95.27035810089536,0.0,0
JUNE,-10.41909744439008,364.0,1
JUNE,33.19391763749663,2194.0,1
JUNE,-1.477150330820132,357.0,1
JUNE,0.0,0.0,0
JUNE,34.20358649789029,0.0,0
JUNE,7.531108558140817,361.0,1
JUNE,0.0,1461.0,1
JUNE,95.40639641474844,362.0,1
JUNE,0.0,1461.0,1
JUNE,0.0,1462.0,1
JUNE,125.43322475570034,1087.0,1
JUNE,0.0,3.0,1
JUNE,142.6664840218391,1105.0,1
JUNE,11.474915667838951,365.0,1
JUNE,0.0,3.0,1
JUNE,22.637260472083064,9.0,1
JUNE,32.87451361867705,0.0,0
JUNE,-12.198975663642756,362.0,1
JUNE,-7.435231794288802,366.0,1
JUNE,-34.09772446639619,1094.0,1
JUNE,0.0,9.0,1
JUNE,59.929588607594944,1463.0,1
JUNE,-0.0566027564643835,0.0,0
JUNE,18.207877461706797,365.0,1
JUNE,27.07694553949482,359.0,1
JUNE,-18.25348175755198,722.0,1
JUNE,117.62814390321554,731.0,1
JUNE,0.0,6.0,1
JUNE,50.13033888109085,729.0,1
JUNE,0.0,0.0,0
JUNE,39.83918828371781,733.0,1
JUNE,-45.70378275821179,1464.0,1
JUNE,0.9675858732462508,2560.0,1
JUNE,-2.874401621300532,6.0,1
JUNE,56.63551401869159,1094.0,1
JUNE,0.0,1095.0,1
JUNE,67.24529602531766,1822.0,1
JUNE,10.026411566632484,722.0,1
JUNE,49.48584486479624,4390.0,1
JUNE,0.0,3.0,1
JUNE,18.32280701754386,2922.0,1
JUNE,0.0,0.0,0
JUNE,139.74137931034485,9.0,1
JUNE,-7.615200478755237,0.0,0
JUNE,0.5232588561561404,732.0,1
JUNE,49.86961770623744,1470.0,1
JUNE,20.8955223880597,1470.0,1
JUNE,30.14376502748595,737.0,1
JUNE,30.58495007236948,2185.0,1
JUNE,671.103120135067,0.0,0
JUNE,12.809742370843932,2192.0,1
JUNE,0.0,0.0,0
JUNE,0.0,1462.0,1
JUNE,292.44437735849056,371.0,1
JUNE,0.0,367.0,1
JUNE,0.0,365.0,1
JUNE,0.9912996471645276,1096.0,1
JUNE,95.6551255940258,736.0,1
JUNE,-3.608562995555246,7.0,1
JUNE,5.398923413100248,736.0,1
JUNE,52.92865928659286,365.0,1
JUNE,-46.44005777563794,0.0,0
JUNE,0.0,,0
JUNE,0.0,0.0,0
JUNE,52.80248551281157,1090.0,1
JUNE,1.1888866720893,733.0,1
JUNE,0.0,1470.0,1
JUNE,24.77960268099752,730.0,1
JUNE,0.0,5839.0,1
JUNE,5.240480422254535,0.0,0
JUNE,0.2162349176144963,2191.0,1
JUNE,2.0307107487620777,1456.0,1
JUNE,41.29402380091087,732.0,1
JUNE,187.3563218390805,374.0,1
JUNE,0.0,,0
JUNE,55.71563875424814,1096.0,1
JUNE,0.0,730.0,1
JUNE,15.60005430355688,0.0,0
JUNE,0.0,364.0,1
JUNE,-3.830385991731223,728.0,1
JUNE,0.0084415584415655,0.0,0
JUNE,0.0,0.0,0
JUNE,-11.144558814009194,366.0,1
JUNE,-81.43339232067163,1464.0,1
JUNE,-61.67523469640016,1104.0,1
JUNE,-32.50439424516633,738.0,1
JUNE,34.63000223563604,730.0,1
JUNE,-60.68900949796473,1451.0,1
JUNE,599.52007602756,2192.0,1
JUNE,0.0,365.0,1
JUNE,77.44949954630535,3281.0,1
JUNE,-5.818658374941449,368.0,1
JUNE,7.230694747034618,1463.0,1
JUNE,0.0,,0
JUNE,66.05539240219454,2548.0,1
JUNE,12.323060573857603,2.0,1
JUNE,-23.353843524334486,724.0,1
JUNE,0.0,,0
JUNE,108.53718707800977,2548.0,1
JUNE,2.055586363764523,4745.0,1
JUNE,20.98747422880927,2189.0,1
JUNE,0.087951702571224,368.0,1
JUNE,151.57979604860589,2548.0,1
JUNE,68.25424578335723,1093.0,1
JUNE,-77.96716819727756,1101.0,1
JUNE,478.4662265109192,2551.0,1
JUNE,0.9003676800287143,1097.0,1
JUNE,79.61859399978785,2192.0,1
JUNE,79.00570613409414,2548.0,1
JUNE,132.5864386566003,2551.0,1
JUNE,-6.4188235992931535,356.0,1
JUNE,316.4546937313208,2192.0,1
JUNE,47.25649964728614,9.0,1
JUNE,129.82545126117515,2548.0,1
JUNE,70.8338537113359,1826.0,1
JUNE,18.80689996106413,1461.0,1
JUNE,49.83695685675013,1826.0,1
JUNE,25.72027817639916,2557.0,1
JUNE,18.29858215179317,7.0,1
JUNE,447.2237327406846,1460.0,1
JUNE,-40.7755973985838,364.0,1
JUNE,0.0,,0
JUNE,-5.737002670798905,731.0,1
JUNE,269.7389577225007,2551.0,1
JUNE,-1.3059557151035854,1087.0,1
JUNE,0.0,363.0,1
JUNE,-31.174032178739548,731.0,1
JUNE,11.278195488721815,1098.0,1
JUNE,97.93792645371656,1823.0,1
JUNE,61.2714829543343,2548.0,1
JUNE,0.0,0.0,0
JUNE,0.0,1093.0,1
JUNE,0.0,0.0,0
JUNE,-36.7654267415604,4.0,1
JUNE,-5.867131389945078,734.0,1
JUNE,0.0,,0
JUNE,-27.57542339503742,731.0,1
JUNE,2.086855380786873,364.0,1
JUNE,12.923700202565833,1100.0,1
JUNE,38.28867304130919,728.0,1
JUNE,4.61489589049008,734.0,1
JUNE,22.782271885925816,1096.0,1
JUNE,18.53357645765535,369.0,1
JUNE,102.71012006861064,5111.0,1
JUNE,22.18600274606574,1454.0,1
JUNE,26.74595842956121,0.0,0
JUNE,0.0,0.0,0
JUNE,0.0,,0
JUNE,0.0,,0
JUNE,-24.44003163758141,0.0,0
JUNE,-7.035231178153614,372.0,1
JUNE,0.0,2186.0,1
JUNE,0.0,2192.0,1
JUNE,0.0,1452.0,1
JUNE,0.0,1829.0,1
JUNE,0.000224453959621,1100.0,1
JUNE,-25.792518520457573,0.0,0
JUNE,-28.259841639657147,0.0,0
JUNE,0.0001805627780706,1094.0,1
JUNE,21.3042628079781,734.0,1
JUNE,0.0,1097.0,1
JUNE,0.0,735.0,1
JUNE,47.04957407981765,1090.0,1
JUNE,-0.0001663849215365,1096.0,1
JUNE,0.0002004116455169,374.0,1
JUNE,0.0,1103.0,1
JUNE,9.154417115412594,1459.0,1
JUNE,0.0,0.0,0
JUNE,16.246685304452086,1832.0,1
JUNE,5.705064062535261,1460.0,1
JUNE,0.0,1456.0,1
JUNE,61.11687413554634,736.0,1
JUNE,17.15818959560174,2555.0,1
JUNE,-0.0002126780203692,,0
JUNE,114.7495246755394,1835.0,1
JUNE,0.0,,0
JUNE,0.0,0.0,0
JUNE,17.894715607064683,2192.0,1
JUNE,0.0,735.0,1
JUNE,114.31230610134438,1096.0,1
JUNE,-0.5029069767441914,1105.0,1
JUNE,55.49346044567592,368.0,1
JUNE,0.0,0.0,0
JUNE,264.20236042965126,365.0,1
JUNE,16.196583182318054,369.0,1
JUNE,0.0,371.0,1
JUNE,35.32237066622852,735.0,1
JUNE,0.0,368.0,1
JUNE,0.0,1094.0,1
JUNE,7.193072492810998,733.0,1
JUNE,18.008981305217933,0.0,0
JUNE,0.0,1094.0,1
JUNE,-1.8468190240889388,366.0,1
JUNE,0.0,359.0,1
JUNE,0.0,8.0,1
JUNE,0.0,1457.0,1
JUNE,0.0,0.0,0
JUNE,-3.756437228609273,1094.0,1
JUNE,0.0,731.0,1
JUNE,72.33311406990723,1832.0,1
JUNE,-24.72716059314081,372.0,1
JUNE,0.0,731.0,1
JUNE,1.4238530810303591,6.0,1
JUNE,15.054915617465843,365.0,1
JUNE,0.0,,0
JUNE,164.34706703910612,1098.0,1
JUNE,-1.1041555786467916,356.0,1
JUNE,27.020422291450323,1105.0,1
JUNE,-1.254612546125467,0.0,0
JUNE,0.0,,0
JUNE,-0.9747054954254591,727.0,1
JUNE,-0.93344425956739,-366.0,0
JUNE,32.14397184314508,1828.0,1
JUNE,0.0,723.0,1
JUNE,0.0,9.0,1
JUNE,19.45374362268533,729.0,1
JUNE,24.042986790212133,1823.0,1
JUNE,16.8,0.0,0
JUNE,-0.7793428778782119,365.0,1
JUNE,79.01840490797547,0.0,0
JUNE,0.0,731.0,1
JUNE,-8.114139441773451,722.0,1
JUNE,0.0,,0
JUNE,0.0,0.0,0
JUNE,-0.8425778801440215,10.0,1
JUNE,-10.959499119546082,371.0,1
JUNE,66.66666666666666,3.0,1
JUNE,0.0,0.0,0
JUNE,0.0,,0
JUNE,8.128686628655,5.0,1
JUNE,0.0,358.0,1
JUNE,26.57837406440759,368.0,1
JUNE,0.0,0.0,0
JUNE,17.232191564500845,367.0,1
JUNE,0.0,0.0,0
JUNE,22.882466898751694,727.0,1
JUNE,0.0,1452.0,1
JUNE,0.0,,0
JUNE,18.87924470839044,1096.0,1
JUNE,25.69501329009176,4.0,1
JUNE,0.0,736.0,1
JUNE,47.19626168224299,368.0,1
JUNE,0.0,-730.0,0
JUNE,20.92643668971767,375.0,1
JUNE,0.0,365.0,1
JUNE,0.0,,0
JUNE,-28.369929728181187,366.0,1
JUNE,39.566899227523976,735.0,1
JUNE,0.0,-4.0,0
JUNE,0.0,,0
JUNE,0.0,372.0,1
JUNE,0.0,0.0,0
JUNE,39.72179289026276,11.0,1
JUNE,83.22166114134109,1458.0,1
JUNE,-3.0066233180402886,734.0,1
JUNE,16.93601366443306,720.0,1
JUNE,0.0,0.0,0
JUNE,0.2160322479422582,1829.0,1
JUNE,25.278170040547145,733.0,1
JUNE,0.0166100415251058,356.0,1
JUNE,0.0,-1.0,0
JUNE,-16.704299653505288,735.0,1
JUNE,27.15664195420248,1098.0,1
JUNE,2.8350923482849613,732.0,1
JUNE,35.35513636570137,733.0,1
JUNE,0.0,365.0,1
JUNE,-20.63328760859625,1096.0,1
JUNE,0.0,367.0,1
JUNE,0.0181890075128523,725.0,1
JUNE,0.0,0.0,0
JUNE,18.736346355718204,368.0,1
JUNE,0.0,370.0,1
JUNE,0.1514896482073782,729.0,1
JUNE,-13.98404787142073,361.0,1
JUNE,6.704536520166683,6.0,1
JUNE,0.0,364.0,1
JUNE,9.445934297481076,1826.0,1
JUNE,49.507468108292905,729.0,1
JUNE,0.0,,0
JUNE,-2.095043886869413,363.0,1
JUNE,0.0,0.0,0
JUNE,-30.40108585001697,730.0,1
JUNE,16.989614958175387,,0
JUNE,-1.7762226555196492,0.0,0
JUNE,-1.48615687669848,728.0,1
JUNE,76.03829030508645,0.0,0
JUNE,-10.440041485392562,0.0,0
JUNE,69.72149179660012,363.0,1
JUNE,-9.437991719469323,728.0,1
JUNE,46.85929285342884,355.0,1
JUNE,56.97434739365868,356.0,1
JUNE,26.10820908043535,2192.0,1
JUNE,90.40520416960575,363.0,1
JUNE,0.0,0.0,0
JUNE,0.7814086361058301,729.0,1
JUNE,80.64840217937322,365.0,1
JUNE,-1.866593466922874,370.0,1
JUNE,-9.413975501113583,358.0,1
JUNE,2.317227979803339,9.0,1
JUNE,25.3136081137759,367.0,1
JUNE,0.0,721.0,1
JUNE,0.0,2931.0,1
JUNE,8.842654509279454,722.0,1
JUNE,0.0,0.0,0
JUNE,34.27908797927773,2563.0,1
JUNE,0.0,1463.0,1
JUNE,-0.0597914474313594,1093.0,1
JUNE,0.0,0.0,0
JUNE,-9.599201755514247,739.0,1
JUNE,-26.852073669156667,365.0,1
JUNE,0.0,9.0,1
JUNE,7.629162550124949,731.0,1
JUNE,-10.859984890455804,1094.0,1
JUNE,0.0,2922.0,1
JUNE,21.04247482465421,735.0,1
JUNE,-14.420125008282344,1094.0,1
JUNE,135.74947220267418,9.0,1
JUNE,14.415936705283974,739.0,1
JUNE,0.0,0.0,0
JUNE,-30.16945157166559,-3.0,0
JUNE,0.0,,0
JUNE,0.0,6.0,1
JUNE,0.0,9131.0,1
JUNE,-29.05262300423591,727.0,1
JUNE,6.695232994108196,0.0,0
JUNE,0.0,0.0,0
JUNE,0.0,4741.0,1
JUNE,19.666182873730044,-2.0,0
JUNE,0.0,1091.0,1
JUNE,21.16700294533734,372.0,1
JUNE,0.0,740.0,1
JUNE,0.0,1470.0,1
JUNE,8.90072403230297,720.0,1
JUNE,0.0,,0
JUNE,65.37396121883657,365.0,1
JUNE,0.0,,0
JUNE,0.0,1461.0,1
JUNE,3.541999442204819,7.0,1
JUNE,0.0,0.0,0
JUNE,0.0,,0
JUNE,4.983306795418356,3.0,1
JUNE,79.80132450331125,356.0,1
JUNE,72.19662058371735,10.0,1
JUNE,18.34296724470135,10.0,1
JUNE,-0.65143632662294,0.0,0
JUNE,39.20560747663552,724.0,1
JUNE,-0.8939682307298339,364.0,1
JUNE,0.0,0.0,0
JUNE,0.0,6.0,1
JUNE,0.0,725.0,1
JUNE,-0.1557850516366158,364.0,1
JUNE,0.0,0.0,0
JUNE,0.0013205678441717,365.0,1
JUNE,42.72166666666667,719.0,1
JUNE,0.0,,0
JUNE,2.220133629752812,738.0,1
JUNE,0.0,1.0,1
JUNE,22.192118226600986,0.0,0
JUNE,0.0,,0
JUNE,0.0,2191.0,1
JUNE,-0.0052416788348449,729.0,1
JUNE,-3.857612726295354,369.0,1
JUNE,0.0,356.0,1
JUNE,0.0,,0
JUNE,-18.998,3644.0,1
JUNE,-0.1960870714726329,366.0,1
JUNE,0.0,,0
JUNE,78.3461210571185,0.0,0
JUNE,3.8679184618352616,1823.0,1
JUNE,0.0,0.0,0
JUNE,0.0,7.0,1
JUNE,0.0,,0
JUNE,82.73026315789474,0.0,0
JUNE,0.0,731.0,1
JUNE,0.0,2.0,1
JUNE,8.618899273104882,368.0,1
JUNE,0.0,,0
JUNE,-6.501704466023586,361.0,1
JUNE,10.039370078740156,367.0,1
JUNE,0.0,,0
JUNE,3.251599726226813,361.0,1
JUNE,1231.5280184864243,0.0,0
JUNE,1.4416070977084203,732.0,1
JUNE,2.1001216985166096,735.0,1
JUNE,0.0,2564.0,1
JUNE,-12.41627851630231,2193.0,1
JUNE,0.0,2564.0,1
JUNE,0.0,374.0,1
JUNE,-13.473053892215578,735.0,1
JUNE,22.79129912714173,1096.0,1
JUNE,0.0,726.0,1
JUNE,0.0,0.0,0
JUNE,55.73385518590997,2926.0,1
JUNE,8.701087635954504,1466.0,1
JUNE,0.0,0.0,0
JUNE,0.0,736.0,1
JUNE,0.0,10.0,1
JUNE,-31.048316762602468,362.0,1
JUNE,19.25375031782356,2184.0,1
JUNE,0.0,369.0,1
JUNE,-17.010448741899324,0.0,0
JUNE,0.0,0.0,0
JUNE,0.0,728.0,1
JUNE,7.386510307187363,2921.0,1
JUNE,51.76633424424176,2556.0,1
JUNE,8.82956019584048,0.0,0
JUNE,18.836565096952903,6.0,1
JUNE,0.0,0.0,0
JUNE,0.0,732.0,1
JUNE,23.125888545922624,2554.0,1
JUNE,0.0,1462.0,1
JUNE,0.0,5.0,1
JUNE,0.0,2.0,1
JUNE,0.0,0.0,0
JUNE,0.0,-359.0,0
JUNE,0.0,2195.0,1
JUNE,-5.242914341561838,731.0,1
JUNE,0.0,728.0,1
JUNE,11.162518412206826,1455.0,1
JUNE,0.0,0.0,0
JUNE,0.0,375.0,1
JUNE,26.59193343349128,369.0,1
JUNE,-4.950456195428227,368.0,1
JUNE,0.0,372.0,1
JUNE,0.0,367.0,1
JUNE,0.0,731.0,1
JUNE,31.024888516217548,731.0,1
JUNE,0.0,366.0,1
JUNE,0.0,0.0,0
JUNE,0.0,0.0,0
JUNE,0.0,367.0,1
JUNE,0.0,0.0,0
JUNE,7.254995242626079,2555.0,1
JUNE,-10.97234843567441,738.0,1
JUNE,0.0,727.0,1
JUNE,0.0,365.0,1
JUNE,0.0,728.0,1
JUNE,-8.008990046733963,7.0,1
JUNE,-30.422619047619044,,0
JUNE,0.0,360.0,1
JUNE,-17.307867834976275,7.0,1
JUNE,0.0,368.0,1
JUNE,0.0,6.0,1
JUNE,0.0,0.0,0
JUNE,0.0,0.0,0
JUNE,0.0,370.0,1
JUNE,0.0,2554.0,1
JUNE,-11.01542673016054,732.0,1
JUNE,0.0,738.0,1
JUNE,0.0,361.0,1
JUNE,0.0,726.0,1
JUNE,0.0,0.0,0
JUNE,0.0,374.0,1
JUNE,0.0,372.0,1
JUNE,6.41916605705926,2.0,1
JUNE,0.0,,0
JUNE,0.0,0.0,0
JUNE,-8.999176276771014,740.0,1
JUNE,-18.25746896457642,735.0,1
JUNE,-0.9074364288964236,735.0,1
JUNE,0.0,0.0,0
JUNE,0.0,,0
JUNE,0.0,0.0,0
JUNE,0.0,0.0,0
JUNE,0.0,0.0,0
JUNE,0.0,0.0,0
JUNE,0.0,,0
JUNE,0.0,362.0,1
JUNE,0.0,0.0,0
JUNE,0.0,,0
JUNE,0.0,,0
JUNE,0.0,,0
JUNE,0.0,,0
JUNE,0.0,1095.0,1
JUNE,0.0,362.0,1
JUNE,0.0,1093.0,1
JUNE,0.0,,0
JUNE,0.0,,0
JUNE,24.05684328530449,364.0,1
JUNE,0.0,,0
JUNE,0.0,,0
JUNE,0.0,,0
JUNE,0.0,-9.0,0
JUNE,0.0,,0
JUNE,0.0,372.0,1
JUNE,0.0,,0
JUNE,0.0,,0
JUNE,0.0,,0
JUNE,0.0,,0
JUNE,0.0,6.0,1
JUNE,0.0,,0
JUNE,0.0,359.0,1
JUNE,0.0,1092.0,1
JUNE,0.0,0.0,0
JUNE,13.326275392046592,4.0,1
JUNE,0.0,2199.0,1
JUNE,0.0,365.0,1
JUNE,0.0,731.0,1
JUNE,0.0,2556.0,1
JUNE,17.27852348993289,736.0,1
JUNE,-27.84755305326982,,0
JUNE,0.0,,0
JUNE,0.0,0.0,0
JUNE,0.0,1.0,1
JUNE,0.0,731.0,1
JUNE,0.0,6.0,1
JUNE,0.0,1837.0,1
JUNE,43.30728209813403,2549.0,1
JUNE,80.7702974726012,2192.0,1
JUNE,0.0,727.0,1
JUNE,0.0,0.0,0
JUNE,0.0,370.0,1
JUNE,0.0,373.0,1
JUNE,0.0,0.0,0
JUNE,0.0,368.0,1
JUNE,0.0,9.0,1
JUNE,0.0,726.0,1
JUNE,0.0,362.0,1
JUNE,0.0,370.0,1
JUNE,0.0,0.0,0
JUNE,19.79758904323701,3288.0,1
JUNE,0.0,0.0,0
JUNE,6.198128200600393,2193.0,1
JUNE,-3.0534119219784928,363.0,1
JUNE,0.0,0.0,0
JUNE,0.0,1468.0,1
JUNE,0.0,0.0,0
JUNE,18.081914030819146,0.0,0
JUNE,-12.639696751846287,1097.0,1
JUNE,-3.729680125852122,729.0,1
JUNE,0.0,0.0,0
JUNE,0.0,0.0,0
JUNE,0.0,0.0,0
JUNE,0.0,729.0,1
JUNE,0.0,0.0,0
JUNE,0.0,366.0,1
JUNE,0.0,0.0,0
JUNE,38.02338352888038,0.0,0
JUNE,2.974912451920313,0.0,0
JUNE,0.0,5.0,1
JUNE,-0.883069427527405,722.0,1
JUNE,0.0,728.0,1
JUNE,0.0,731.0,1
JUNE,0.0,0.0,0
JUNE,0.0,0.0,0
JUNE,0.0,1.0,1
JUNE,0.0,0.0,0
JUNE,-1.7043478260869551,732.0,1
JUNE,4.587381625876281,728.0,1
JUNE,0.0,735.0,1
JUNE,-11.884623725872917,368.0,1
JUNE,-22.41077954682684,368.0,1
JUNE,0.0,365.0,1
JUNE,0.0,11.0,1
JUNE,0.0,1099.0,1
JUNE,0.0,730.0,1
JUNE,0.0,736.0,1
JUNE,0.0,729.0,1
JUNE,6.44798199067375,724.0,1
JUNE,0.0,1096.0,1
JUNE,0.0,373.0,1
JUNE,0.0,728.0,1
JUNE,-24.783267034518158,738.0,1
JUNE,0.0,1092.0,1
JUNE,23.473374975043495,2924.0,1
JUNE,0.0,362.0,1
JUNE,0.0,362.0,1
JUNE,0.0,0.0,0
JUNE,0.0,0.0,0
JUNE,0.0,0.0,0
JUNE,0.0,0.0,0
JUNE,0.0,0.0,0
JUNE,0.0,-354.0,0
JUNE,0.0,-1.0,0
JUNE,0.0,-354.0,0
JUNE,0.0,,0
JUNE,0.0,,0
JUNE,0.0,,0
JUNE,0.0,728.0,1
JUNE,0.0,360.0,1
JUNE,41.168425166080496,363.0,1
JUNE,0.0,0.0,0
JUNE,0.0,365.0,1
JUNE,0.0,372.0,1
JUNE,0.0,734.0,1
JUNE,0.0,1091.0,1
JUNE,0.0,1096.0,1
JUNE,0.0,0.0,0
JUNE,0.0,0.0,0
JUNE,0.0,0.0,0
JUNE,7.807092785944583,0.0,0
JUNE,0.0,732.0,1
JUNE,0.0,0.0,0
JUNE,0.0,0.0,0
JUNE,0.0,1452.0,1
JUNE,0.0,1469.0,1
JUNE,114.13199874882704,371.0,1
JUNE,0.0,1826.0,1
JUNE,51.052563605837534,0.0,0
JUNE,0.0,0.0,0
JUNE,0.0,0.0,0
JUNE,0.0,361.0,1
JUNE,0.0,1104.0,1
JUNE,0.0,1465.0,1
JUNE,0.0,1463.0,1
JUNE,0.0,1463.0,1
JUNE,0.0,361.0,1
JUNE,0.0,361.0,1
JUNE,0.0,5.0,1
JUNE,0.0,365.0,1
JUNE,0.0,11.0,1
JUNE,0.0,0.0,0
JUNE,0.0,1091.0,1
JUNE,0.0,728.0,1
JUNE,0.0,,0
JUNE,0.0,366.0,1
JUNE,0.0,1094.0,1
JUNE,0.0,0.0,0
JUNE,0.0,731.0,1
JUNE,0.0,365.0,1
JUNE,0.0,0.0,0
JUNE,0.0,0.0,0
JUNE,0.0,732.0,1
JUNE,0.0,371.0,1
JUNE,0.0,366.0,1
JUNE,0.0,0.0,0
JUNE,0.0,2192.0,1
JUNE,0.0,2194.0,1
JUNE,0.0,734.0,1
JUNE,0.0,0.0,0
JUNE,0.0,365.0,1
JUNE,0.0,366.0,1
JUNE,0.0,369.0,1
JUNE,0.0,365.0,1
JUNE,0.0,730.0,1
JUNE,-14.384172947243169,366.0,1
JUNE,0.0,0.0,0
JUNE,0.0,0.0,0
JUNE,0.0,0.0,0
JUNE,0.0,2558.0,1
JUNE,0.0,730.0,1
JUNE,0.0,728.0,1
JUNE,0.0,0.0,0
JUNE,0.0,367.0,1
JUNE,0.0,0.0,0
JUNE,0.0,369.0,1
JUNE,-3.005473770101647,1834.0,1
JUNE,0.0,734.0,1
JUNE,0.0,376.0,1
JUNE,-12.146144550433242,738.0,1
JUNE,0.0,3.0,1
JUNE,0.0,372.0,1
JUNE,0.0,360.0,1
JUNE,0.0,363.0,1
JUNE,0.0,360.0,1
JUNE,0.0,731.0,1
JUNE,0.0,365.0,1
JUNE,0.0,,0
JUNE,0.0,365.0,1
JUNE,0.0,2552.0,1
JUNE,-25.463083101637316,365.0,1
JUNE,1.3699230075240545,1.0,1
JUNE,0.0,6.0,1
JUNE,0.0,2557.0,1
JUNE,0.0,362.0,1
JUNE,-5.845231028773152,361.0,1
JUNE,0.0,2561.0,1
JUNE,0.0,2559.0,1
JUNE,0.0,368.0,1
JUNE,0.0,2192.0,1
JUNE,5.162815526576678,365.0,1
JUNE,0.0,5.0,1
JUNE,40.2315573590892,1821.0,1
JUNE,-14.64686707714596,738.0,1
JUNE,6.44750329477229,2196.0,1
JUNE,0.0,722.0,1
JUNE,94.83421969753488,737.0,1
JUNE,0.0,1101.0,1
JUNE,20.959809230463517,1461.0,1
JUNE,31.08134282075311,3278.0,1
JUNE,-11.6,1096.0,1
JUNE,0.0,6.0,1
JUNE,11.99770744443737,367.0,1
JUNE,-31.41818240978752,1829.0,1
JUNE,0.0,737.0,1
JUNE,0.0,5.0,1
JUNE,0.0,365.0,1
JUNE,0.0,0.0,0
JUNE,0.0,0.0,0
JUNE,0.0,,0
JUNE,38.500088857295175,366.0,1
JUNE,104.6983664887595,1092.0,1
JUNE,17.880592097521948,736.0,1
JUNE,15.864563960153877,1092.0,1
JUNE,0.0,1105.0,1
JUNE,3.137118099645935e-05,0.0,0
JUNE,107.37277832455278,3647.0,1
JUNE,266.2625923438549,5845.0,1
JUNE,65.91967049619853,2185.0,1
JUNE,92.0175331586187,3278.0,1
JUNE,56.90103203601525,2200.0,1
JUNE,26.15478625521563,1099.0,1
JUNE,0.0,739.0,1
JUNE,6.653809064609451,735.0,1
JUNE,31.77968577720855,735.0,1
JUNE,126.9299533409887,722.0,1
JUNE,158.57414280664548,,0
JUNE,0.0,369.0,1
JUNE,0.0,0.0,0
JUNE,5.903957783641161,365.0,1
JUNE,0.0,,0
JUNE,56.17529880478087,-10924.0,0
JUNE,427.3177786007796,2551.0,1
JUNE,15.117162761241293,1099.0,1
JUNE,88.40509311496226,374.0,1
JUNE,0.0,370.0,1
JUNE,0.0,369.0,1
JUNE,-2.268817204301081,0.0,0
JUNE,0.0,366.0,1
JUNE,0.0,365.0,1
JUNE,0.0,365.0,1
JUNE,0.0,6.0,1
JUNE,0.0,365.0,1
JUNE,0.0,362.0,1
JUNE,0.0,,0
JUNE,0.0,361.0,1
JUNE,0.0,,0
JUNE,0.0,367.0,1
JUNE,0.0,4.0,1
JUNE,0.0,366.0,1
JUNE,0.9080182629661836,366.0,1
JUNE,0.0,365.0,1
JUNE,-0.019999999999998,0.0,0
JUNE,0.0,0.0,0
JUNE,0.0,363.0,1
JUNE,0.0,,0
JUNE,0.0,,0
JUNE,0.0,,0
JUNE,0.0,374.0,1
JUNE,0.0,,0
JUNE,0.0,,0
JUNE,0.0,0.0,0
JUNE,0.0,,0
JUNE,314.86286320686423,5840.0,1
JUNE,0.0,0.0,0
JUNE,0.0,,0
JUNE,3.708950418544752,5.0,1
JUNE,0.0,1.0,1
JUNE,0.0,0.0,0
JUNE,0.0,366.0,1
JUNE,0.0,,0
JUNE,73.50514050719671,374.0,1
JUNE,190.654296875,728.0,1
JUNE,0.0,,0
JUNE,0.0,2563.0,1
JUNE,58.06248233580449,2551.0,1
JUNE,18.94997536716244,2548.0,1
JUNE,13.87544237887971,2557.0,1
JUNE,5.804700550664591,2928.0,1
JUNE,0.0,2192.0,1
JUNE,0.0,,0
JUNE,0.0,,0
JUNE,0.0,,0
JUNE,-27.36859220031124,,0
JUNE,38.37192298318303,1455.0,1
JUNE,0.0,,0
JUNE,0.0,,0
JUNE,0.0,2191.0,1
JUNE,0.0,,0
JUNE,0.0,,0
JUNE,0.0,,0
JUNE,0.0,,0
JUNE,0.0,,0
JUNE,0.0,,0
JUNE,0.0,,0
JUNE,0.0,4018.0,1
JUNE,346.1871854578232,2557.0,1
JUNE,0.0,1461.0,1
JUNE,29.03563229320908,2192.0,1
JUNE,189.8286361705141,2551.0,1
JUNE,0.0,,0
JUNE,0.0,,0
JUNE,0.0,367.0,1
JUNE,33.33333333333333,1824.0,1
JUNE,0.0,1820.0,1
JUNE,-41.5078279373765,1093.0,1
JUNE,0.0,,0
JUNE,137.60654273885865,362.0,1
JUNE,0.0,0.0,0
JUNE,0.0,730.0,1
JUNE,0.0,,0
JUNE,0.0,363.0,1
JUNE,0.0,-2.0,0
JUNE,0.0,731.0,1
JUNE,0.0,1090.0,1
JUNE,0.0,,0
JUNE,0.0,,0
JUNE,0.0,,0
JUNE,0.0,725.0,1
JUNE,-32.51403797147175,731.0,1
JUNE,52.163996251256165,0.0,0
JUNE,75.48375732870333,2913.0,1
JUNE,0.0,,0
JUNE,0.0,,0
JUNE,0.0,9.0,1
JUNE,8.752946218127276,1462.0,1
JUNE,0.0,374.0,1
JUNE,29.68881412952061,2556.0,1
JUNE,0.0,1089.0,1
JUNE,0.0,730.0,1
JUNE,0.0013623978201622,2.0,1
JUNE,13.1529263687854,2558.0,1
JUNE,156.5743944636678,363.0,1
JUNE,41.981897175959446,373.0,1
JUNE,155.45722713864308,3294.0,1
JUNE,0.0,,0
JUNE,0.0,,0
JUNE,0.0,1095.0,1
JUNE,0.0,,0
JUNE,0.0,,0
JUNE,0.0,,0
JUNE,0.0,1096.0,1
JUNE,0.0,,0
JUNE,0.0,,0
JUNE,42.49183169967326,730.0,1
JUNE,0.0,1461.0,1
JUNE,0.0,1087.0,1
JUNE,38.8696647928378,365.0,1
JUNE,0.0,366.0,1
JUNE,0.0,0.0,0
JUNE,27.95271115152893,732.0,1
JUNE,33.974612934408825,369.0,1
JUNE,0.0,1106.0,1
JUNE,0.0,730.0,1
JUNE,0.0,1461.0,1
JUNE,69.4664461658978,-4.0,0
JUNE,0.0,730.0,1
JUNE,0.0,,0
JUNE,0.0,1461.0,1
JUNE,-0.0019893371528588,,0
JUNE,104.70167424421987,3287.0,1
JUNE,0.0,,0
JUNE,-0.0013349708976332,,0
JUNE,0.0,,0
JUNE,-0.0273972602739726,0.0,0
JUNE,0.0,0.0,0
JUNE,44.61517476960303,-4.0,0
JUNE,0.0,0.0,0
JUNE,0.0,0.0,0
JUNE,24.322749590834693,2925.0,1
JUNE,37.58765778401122,365.0,1
JUNE,0.0001469887876984,,0
JUNE,-27.42713745768573,,0
JUNE,0.0,,0
JUNE,0.0,4.0,1
JUNE,0.0,,0
JUNE,0.0002432385756975,,0
JUNE,0.0,,0
JUNE,0.0,,0
JUNE,0.0,730.0,1
JUNE,0.0,,0
JUNE,0.0,362.0,1
JUNE,0.0,,0
JUNE,0.0,,0
JUNE,0.0,734.0,1
JUNE,0.0,0.0,0
JUNE,0.0,0.0,0
JUNE,0.0,,0
JUNE,0.0,,0
JUNE,0.0,364.0,1
JUNE,0.0,359.0,1
JUNE,0.0,,0
JUNE,0.0,,0
JUNE,0.0,,0
JUNE,0.0,6.0,1
JUNE,0.0,366.0,1
JUNE,0.0,,0
JUNE,0.0,,0
JUNE,0.0,,0
JUNE,0.0,,0
JUNE,0.0,,0
JUNE,0.0,,0
JUNE,0.0,0.0,0
JUNE,0.0,,0
JUNE,0.0,,0
JUNE,0.0,,0
JUNE,0.0,373.0,1
JUNE,0.0,375.0,1
JUNE,0.0,370.0,1
JUNE,0.0,1087.0,1
JUNE,0.0,362.0,1
JUNE,0.0,,0
JUNE,0.0,373.0,1
JUNE,0.0,371.0,1
JUNE,0.0,359.0,1
JUNE,0.0,356.0,1
JUNE,0.0,,0
JUNE,0.0,3.0,1
JUNE,0.0,2.0,1
JUNE,0.0,,0
JUNE,0.0,363.0,1
JUNE,0.0,3.0,1
JUNE,0.0,364.0,1
JUNE,0.0,365.0,1
JUNE,0.0,6.0,1
JUNE,0.0,366.0,1
JUNE,0.0,6.0,1
JUNE,0.0,,0
JUNE,0.0,,0
JUNE,0.0,,0
JUNE,0.0,,0
JUNE,0.0,,0
JUNE,0.0,,0
JUNE,0.0,371.0,1
JUNE,43.2844827586207,2189.0,1
JUNE,0.0,5.0,1
JUNE,0.0,,0
JUNE,0.0,,0
JUNE,0.0,,0
JUNE,0.0,3.0,1
JUNE,0.0,359.0,1
JUNE,0.0,,0
JUNE,0.0,,0
JUNE,0.0,,0
JUNE,0.0,,0
JUNE,0.0,,0
JUNE,0.0,,0
JUNE,0.0,5.0,1
JUNE,0.0,,0
JUNE,0.0,,0
JUNE,0.0,,0
JUNE,0.0,,0
JUNE,0.0,,0
JUNE,5.493418884176757,,0
JUNE,0.0,,0
JUNE,0.0,,0
JUNE,0.0,,0
JUNE,0.0,357.0,1
JUNE,0.0,,0
JUNE,0.0,,0
JUNE,0.0,359.0,1
JUNE,0.0,369.0,1
JUNE,0.0,4.0,1
JUNE,0.0,,0
JUNE,0.0,,0
JUNE,0.0,,0
JUNE,0.0,,0
JUNE,0.0,,0
JUNE,0.0,,0
JUNE,0.0,,0
JUNE,0.0,,0
JUNE,0.0,730.0,1
JUNE,0.0,,0
JUNE,0.0,,0
JUNE,0.0,,0
JUNE,0.0,730.0,1
JUNE,0.0,730.0,1
JUNE,0.0,730.0,1
JUNE,0.0,,0
JUNE,0.0,,0
JUNE,0.0,4391.0,1
JUNE,0.0,730.0,1
JUNE,0.0,,0
JUNE,0.0,,0
JUNE,0.0,365.0,1
JUNE,0.0,,0
JUNE,0.0,,0
JUNE,0.0,,0
JUNE,0.0,-731.0,0
JUNE,0.0,362.0,1
JUNE,0.0,6.0,1
JUNE,0.0,5.0,1
JUNE,0.0,4.0,1
JUNE,0.0,368.0,1
JUNE,0.0,363.0,1
JUNE,0.0,363.0,1
JUNE,0.0,365.0,1
JUNE,0.0,,0
JUNE,0.0,,0
JUNE,0.0,365.0,1
JUNE,0.0,,0
JUNE,0.0,0.0,0
JUNE,0.0,1.0,1
JUNE,0.0,-2566.0,0
JUNE,-11.96752595659346,724.0,1
JUNE,-10.936770881941204,-720.0,0
JUNE,-13.10765995308582,1468.0,1
JUNE,19.235653623303435,723.0,1
JUNE,0.0,,0
JUNE,0.0,365.0,1
JUNE,0.0,,0
JUNE,0.0,730.0,1
JUNE,0.0,,0
JUNE,0.0,,0
JUNE,0.0,365.0,1
JUNE,0.0,365.0,1
JUNE,0.0,,0
JUNE,0.0,,0
JUNE,0.0,365.0,1
JUNE,0.0,,0
JUNE,0.0,,0
JUNE,0.0,,0
JUNE,0.0,,0
JUNE,0.0,,0
JUNE,0.0,1826.0,1
JUNE,0.0,2191.0,1
JUNE,0.0,1096.0,1
JUNE,0.0,,0
JUNE,0.0,1096.0,1
JUNE,0.0,,0
JUNE,0.0,,0
JUNE,0.0,,0
JUNE,0.0,730.0,1
JUNE,0.0,,0
JUNE,0.0,,0
JUNE,0.0,,0
JUNE,0.0,,0
JUNE,3.3058823529411794,-9.0,0
JUNE,0.0,365.0,1
JUNE,0.0,,0
JUNE,0.0,360.0,1
JUNE,0.0,4.0,1
JUNE,0.0,361.0,1
JUNE,0.0,,0
JUNE,0.0,360.0,1
JUNE,0.0,7.0,1
JUNE,0.0,360.0,1
JUNE,0.0,358.0,1
JUNE,0.0,360.0,1
JUNE,0.0,362.0,1
JUNE,0.0,,0
JUNE,0.0,361.0,1
JUNE,0.0,365.0,1
JUNE,0.0,359.0,1
JUNE,0.0,,0
JUNE,0.0,10.0,1
JUNE,0.0,365.0,1
JUNE,0.0,364.0,1
JUNE,-36.95782125452132,365.0,1
JUNE,-9.380340084600949,5.0,1
JUNE,0.5017976275161932,3652.0,1
JUNE,-2.9650196587086044,735.0,1
JUNE,23.50926580201044,735.0,1
JUNE,0.0,1093.0,1
JUNE,0.0,0.0,0
JUNE,-5.272004188212395,731.0,1
JUNE,0.0,741.0,1
JUNE,0.0,0.0,0
JUNE,-10.578488158955947,363.0,1
JUNE,0.0,1465.0,1
JUNE,0.0,-376.0,0
JUNE,0.0,359.0,1
JUNE,0.0,731.0,1
JUNE,30.012368550395085,1092.0,1
JUNE,-47.08104659987023,0.0,0
JUNE,0.0,361.0,1
JUNE,-18.727280022469213,360.0,1
JUNE,0.0,732.0,1
JUNE,0.0,1103.0,1
JUNE,0.0,0.0,0
JUNE,7.342779073079645,374.0,1
JUNE,-12.517275186335777,1095.0,1
JUNE,0.0,734.0,1
JUNE,0.0,359.0,1
JUNE,-7.6229907452508545,1099.0,1
JUNE,0.0,0.0,0
JUNE,0.0,735.0,1
JUNE,0.0,0.0,0
JUNE,-1.322299575287877,1467.0,1
JUNE,-11.285449030665792,4.0,1
JUNE,0.0,0.0,0
JUNE,-7.98560031329862,1469.0,1
JUNE,0.0,360.0,1
JUNE,32.30625689162826,736.0,1
JUNE,0.0,730.0,1
JUNE,-27.16942369834577,734.0,1
JUNE,0.0,732.0,1
JUNE,0.0,1460.0,1
JUNE,3.3047619047619032,1462.0,1
JUNE,0.0,4387.0,1
JUNE,0.0,363.0,1
JUNE,0.0,1104.0,1
JUNE,0.0,723.0,1
JUNE,-9.713327694538432,1096.0,1
JUNE,-9.88661000364537,728.0,1
JUNE,0.0,1107.0,1
JUNE,0.0,0.0,0
JUNE,0.0,374.0,1
JUNE,0.0,737.0,1
JUNE,3.1464012278638784,1455.0,1
JUNE,-29.81807937263016,729.0,1
JUNE,180.44948547019607,1835.0,1
JUNE,0.0,733.0,1
JUNE,0.0,0.0,0
JUNE,-25.382660319025863,0.0,0
JUNE,-0.0944333087603574,731.0,1
JUNE,36.89239212508518,734.0,1
JUNE,7.406950188259985,372.0,1
JUNE,12.916810359482987,733.0,1
JUNE,12.576805550959172,366.0,1
JUNE,11.77802120357886,733.0,1
JUNE,0.0,0.0,0
JUNE,-8.346735117073111,1092.0,1
JUNE,30.1855354167448,1091.0,1
JUNE,-13.201540056271286,1092.0,1
JUNE,0.0,1452.0,1
JUNE,-10.277122479140086,359.0,1
JUNE,0.0,1468.0,1
JUNE,0.0,4.0,1
JUNE,2.3884734634324283,361.0,1
JUNE,11.953647972098778,366.0,1
JUNE,26.491840976429483,0.0,0
JUNE,-2.2412565944019094,731.0,1
JUNE,0.0,1822.0,1
JUNE,0.0,734.0,1
JUNE,-10.794668420115338,739.0,1
JUNE,36.01388237703374,735.0,1
JUNE,0.0,361.0,1
JUNE,29.49713947940636,1089.0,1
JUNE,201.5001030290542,371.0,1
JUNE,0.0,1098.0,1
JUNE,-21.961883099251125,0.0,0
JUNE,1.1377994885343523,1464.0,1
JUNE,0.0,6.0,1
JUNE,11.515475306517928,365.0,1
JUNE,0.0,0.0,0
JUNE,0.0,1098.0,1
JUNE,0.0,1102.0,1
JUNE,5.337763863012112,1097.0,1
JUNE,70.57843370626041,1097.0,1
JUNE,-18.350625753536317,370.0,1
JUNE,0.0,360.0,1
JUNE,0.0,1817.0,1
JUNE,-25.654025805566462,0.0,0
JUNE,0.0,362.0,1
JUNE,31.93719599639261,366.0,1
JUNE,0.0,738.0,1
JUNE,30.95311907960457,733.0,1
JUNE,3.548237129017274,0.0,0
JUNE,0.0,360.0,1
JUNE,0.0,0.0,0
JUNE,4.050412312237786,731.0,1
JUNE,-3.696176495794506,1454.0,1
JUNE,0.0,737.0,1
JUNE,-25.20598717034925,361.0,1
JUNE,2.249074873260124,369.0,1
JUNE,-0.6135258489987938,1099.0,1
JUNE,41.35533553355336,363.0,1
JUNE,1.607292020451436,0.0,0
JUNE,6.509699392862436,728.0,1
JUNE,16.863228304875907,737.0,1
JUNE,0.0,0.0,0
JUNE,0.6808537757643639,735.0,1
JUNE,-74.79608292238295,737.0,1
JUNE,0.0,720.0,1
JUNE,6.274679973963987,1101.0,1
JUNE,-1.9217787875794416,11.0,1
JUNE,20.35178981505107,371.0,1
JUNE,-45.90962100650047,734.0,1
JUNE,-37.1471762947096,0.0,0
JUNE,0.0,0.0,0
JUNE,0.0,0.0,0
JUNE,0.0,734.0,1
JUNE,-19.23054793732379,368.0,1
JUNE,17.026117926394935,1826.0,1
JUNE,26.02450015454943,1097.0,1
JUNE,0.0,1462.0,1
JUNE,0.0,5.0,1
JUNE,24.140870437968736,2194.0,1
JUNE,-0.6065015332521995,371.0,1
JUNE,0.0,1461.0,1
JUNE,-27.620101549277443,1094.0,1
JUNE,0.0,729.0,1
JUNE,0.0,1462.0,1
JUNE,-17.471988539603416,1089.0,1
JUNE,0.0,1092.0,1
JUNE,0.0,0.0,0
JUNE,7.429305912596402,366.0,1
JUNE,-3.352792804226088,372.0,1
JUNE,-46.43219840718371,362.0,1
JUNE,24.176015124344907,1100.0,1
JUNE,0.2849498963098916,1089.0,1
JUNE,0.0,367.0,1
JUNE,0.0,1099.0,1
JUNE,-11.581186708251506,1.0,1
JUNE,-34.423979456300366,0.0,0
JUNE,0.0,729.0,1
JUNE,0.0,0.0,0
JUNE,0.0,728.0,1
JUNE,38.471334782513225,731.0,1
JUNE,-16.11450176793903,7.0,1
JUNE,-20.26290264944612,728.0,1
JUNE,0.0,370.0,1
JUNE,-86.38183214556938,731.0,1
JUNE,0.0,371.0,1
JUNE,28.14287819714082,728.0,1
JUNE,0.0,2195.0,1
JUNE,-32.03153483747247,731.0,1
JUNE,1.280846739401389,736.0,1
JUNE,0.0,2193.0,1
JUNE,29.22352420610152,733.0,1
JUNE,0.0,1.0,1
JUNE,-10.022821736877498,1469.0,1
JUNE,-9.36925601750547,726.0,1
JUNE,-5.475724497378313,732.0,1
JUNE,111.91087225627248,1823.0,1
JUNE,0.0,0.0,0
JUNE,24.59749959408995,737.0,1
JUNE,-0.2700511031549292,723.0,1
JUNE,5.431256399705243,1092.0,1
JUNE,0.0,1461.0,1
JUNE,-32.7667145210016,726.0,1
JUNE,0.0,735.0,1
JUNE,0.0,9.0,1
JUNE,0.382405690488506,1097.0,1
JUNE,-33.02393340270552,365.0,1
JUNE,0.0,1468.0,1
JUNE,0.0,5.0,1
JUNE,0.0,1100.0,1
JUNE,-23.175631885936497,731.0,1
JUNE,0.0,0.0,0
JUNE,0.0,359.0,1
JUNE,-29.049897470950103,733.0,1
JUNE,-12.707219537885884,-1.0,0
JUNE,0.0,1453.0,1
JUNE,-1.5038470505945478,365.0,1
JUNE,0.0771604938271634,1090.0,1
JUNE,-6.250809367746819,365.0,1
JUNE,53.48738738032323,1461.0,1
JUNE,31.05614086789951,1457.0,1
JUNE,0.0,729.0,1
JUNE,0.0,1096.0,1
JUNE,-10.199298833930346,732.0,1
JUNE,-11.973506526911455,1099.0,1
JUNE,45.32680580606373,1095.0,1
JUNE,3.2180804335161186,735.0,1
JUNE,0.0,9.0,1
JUNE,-2.817173757943096,368.0,1
JUNE,0.0,1465.0,1
JUNE,-19.87865498353237,0.0,0
JUNE,-10.426949935172754,730.0,1
JUNE,0.0,1830.0,1
JUNE,0.0,738.0,1
JUNE,0.5696018599244511,0.0,0
JUNE,21.607601293916908,1457.0,1
JUNE,0.0,1105.0,1
JUNE,0.0,725.0,1
JUNE,-19.21568194123692,0.0,0
JUNE,0.0,0.0,0
JUNE,0.0,1092.0,1
JUNE,0.0,373.0,1
JUNE,0.0,1827.0,1
JUNE,-24.72995340242095,9.0,1
JUNE,0.0,726.0,1
JUNE,7.376469832294543,1100.0,1
JUNE,-0.2748470609096593,727.0,1
JUNE,-28.585376059137356,364.0,1
JUNE,67.10716367230066,364.0,1
JUNE,-0.3661742613920872,8.0,1
JUNE,31.649466804265565,374.0,1
JUNE,0.0,1459.0,1
JUNE,-15.03462117410939,0.0,0
JUNE,0.0,4.0,1
JUNE,-22.14684442847035,366.0,1
JUNE,-2.6127257284242567,731.0,1
JUNE,0.0,1831.0,1
JUNE,0.0,0.0,0
JUNE,0.0,369.0,1
JUNE,14.975121852152723,1091.0,1
JUNE,0.0,1101.0,1
JUNE,-12.269413975874858,0.0,0
JUNE,0.0,0.0,0
JUNE,-11.268955465263716,737.0,1
JUNE,4.062551571471664,1087.0,1
JUNE,-24.171496089574063,0.0,0
JUNE,14.537610747582368,1465.0,1
JUNE,0.0,366.0,1
JUNE,65.13194501994862,1828.0,1
JUNE,-40.30986598750834,728.0,1
JUNE,0.0,1463.0,1
JUNE,11.737456964914328,1096.0,1
JUNE,1.8619465999700675,363.0,1
MAY,0.0,7.0,1
MAY,16.989614958175387,,0
MAY,-97.78987745855216,721.0,1
MAY,0.0,360.0,1
MAY,-46.5989172760946,5.0,1
MAY,-47.47710065124159,366.0,1
MAY,0.0,2931.0,1
MAY,0.0,9.0,1
MAY,0.0,730.0,1
MAY,67.31530343007915,730.0,1
MAY,0.0,8.0,1
MAY,0.0,,0
MAY,0.0,2922.0,1
MAY,1.280846739401389,728.0,1
MAY,0.0,,0
MAY,246.5873002676954,3646.0,1
MAY,0.0,,0
MAY,-2.6127257284242567,,0
MAY,135.74947220267418,9.0,1
MAY,0.0,730.0,1
MAY,-28.314385150812072,0.0,0
MAY,0.0,,0
MAY,0.0,0.0,0
MAY,0.0,,0
MAY,22.427100785403717,731.0,1
MAY,0.0,360.0,1
MAY,19.666182873730044,-2.0,0
MAY,0.0,362.0,1
MAY,0.0,1464.0,1
MAY,0.0,,0
MAY,0.0,358.0,1
MAY,0.0,4741.0,1
MAY,15.820780116076506,365.0,1
MAY,0.0,9131.0,1
MAY,-48.96373056994819,,0
MAY,0.0,359.0,1
MAY,0.0,6.0,1
MAY,-19.21568194123692,0.0,0
MAY,0.0,361.0,1
MAY,0.0,365.0,1
MAY,0.0,356.0,1
MAY,0.0,10.0,1
MAY,0.0,,0
MAY,4.062551571471664,728.0,1
MAY,0.0,,0
MAY,0.0,0.0,0
MAY,1.9014871486289109,722.0,1
MAY,0.0,,0
MAY,0.0,1461.0,1
MAY,0.0,730.0,1
MAY,53.48738738032323,1460.0,1
MAY,0.0,,0
MAY,65.37396121883657,365.0,1
MAY,0.0,,0
MAY,-42.903867239040345,0.0,0
MAY,0.0,1470.0,1
MAY,0.0,,0
MAY,17.026117926394935,1825.0,1
MAY,0.0,730.0,1
MAY,22.192118226600986,0.0,0
MAY,-36.852002758101925,3.0,1
MAY,0.0,730.0,1
MAY,10.039370078740156,367.0,1
MAY,0.0,730.0,1
MAY,71.06934525432045,730.0,1
MAY,79.80132450331125,356.0,1
MAY,0.0,,0
MAY,0.0,,0
MAY,72.19662058371735,10.0,1
MAY,-11.96752595659346,724.0,1
MAY,15.054915617465843,365.0,1
MAY,-42.05196640238638,2.0,1
MAY,0.0,,0
MAY,39.72179289026276,11.0,1
MAY,-10.936770881941204,-720.0,0
MAY,-16.11450176793903,7.0,1
MAY,42.72166666666667,719.0,1
MAY,-13.10765995308582,1468.0,1
MAY,47.92887281494876,728.0,1
MAY,19.235653623303435,723.0,1
MAY,0.0,,0
MAY,0.0013205678441717,365.0,1
MAY,32.0793157349351,362.0,1
MAY,0.0,725.0,1
MAY,0.0,365.0,1
MAY,-11.142038137177526,0.0,0
MAY,0.0,,0
MAY,39.20560747663552,724.0,1
MAY,0.0,,0
MAY,30.134561901283806,728.0,1
MAY,18.34296724470135,10.0,1
MAY,0.0,,0
MAY,0.0,4.0,1
MAY,0.0,-731.0,0
MAY,8.618899273104882,368.0,1
MAY,3.1464012278638784,2187.0,1
MAY,0.0,,0
MAY,0.0,721.0,1
MAY,0.0,,0
MAY,70.57843370626041,1097.0,1
MAY,0.0,,0
MAY,2.317227979803339,9.0,1
MAY,-13.973886946567236,728.0,1
MAY,3.3058823529411794,-9.0,0
MAY,80.64840217937322,365.0,1
MAY,0.0,,0
MAY,-21.961883099251125,0.0,0
MAY,0.0,,0
MAY,3.78912530439933,366.0,1
MAY,90.40520416960575,363.0,1
MAY,-1.4275776547802648,370.0,1
MAY,56.97434739365868,356.0,1
MAY,0.0,360.0,1
MAY,-19.87865498353237,0.0,0
MAY,0.0,4.0,1
MAY,46.85929285342884,355.0,1
MAY,0.0,361.0,1
MAY,-36.95782125452132,365.0,1
MAY,69.72149179660012,363.0,1
MAY,0.0,360.0,1
MAY,-17.041472423626963,2196.0,1
MAY,0.0,,0
MAY,76.03829030508645,0.0,0
MAY,0.0,,0
MAY,0.0,740.0,1
MAY,-1.6714076060369811,1465.0,1
MAY,0.0,731.0,1
MAY,0.0,4391.0,1
MAY,0.0,730.0,1
MAY,82.73026315789474,0.0,0
MAY,-8.983081032947462,,0
MAY,0.0,,0
MAY,-47.08104659987023,0.0,0
MAY,0.0,7.0,1
MAY,0.0,,0
MAY,-22.10327330613869,368.0,1
MAY,-23.543324016340573,727.0,1
MAY,0.0,,0
MAY,0.0,,0
MAY,-1.2806864737572266,0.0,0
MAY,-18.998,3644.0,1
MAY,0.0,,0
MAY,0.0,,0
MAY,-29.782532325510235,0.0,0
MAY,0.0,,0
MAY,41.35533553355336,363.0,1
MAY,0.0,2191.0,1
MAY,0.0,,0
MAY,0.0,,0
MAY,78.3461210571185,0.0,0
MAY,0.0,,0
MAY,0.0,364.0,1
MAY,0.0,,0
MAY,8.977388622173587,1099.0,1
MAY,0.0,0.0,0
MAY,0.0,6.0,1
MAY,12.700981415744405,736.0,1
MAY,0.0,3.0,1
MAY,-7.98560031329862,1469.0,1
MAY,0.0,2.0,1
MAY,0.0,1099.0,1
MAY,0.0,,0
MAY,-13.98404787142073,359.0,1
MAY,0.0,1095.0,1
MAY,0.0,,0
MAY,47.15085763077928,736.0,1
MAY,0.0,,0
MAY,0.0,1099.0,1
MAY,0.0,1827.0,1
MAY,0.0,,0
MAY,0.0,1092.0,1
MAY,0.0,,0
MAY,18.736346355718204,368.0,1
MAY,0.0,,0
MAY,0.0,1099.0,1
MAY,-31.634058969413065,0.0,0
MAY,0.0,5.0,1
MAY,0.0,1096.0,1
MAY,0.0,,0
MAY,-25.246143111869145,5.0,1
MAY,0.0,,0
MAY,0.0,4386.0,1
MAY,0.0,,0
MAY,0.0,1094.0,1
MAY,-45.70378275821179,1464.0,1
MAY,0.0,,0
MAY,-35.658723119647554,0.0,0
MAY,0.0,734.0,1
MAY,50.13033888109085,729.0,1
MAY,22.882466898751694,368.0,1
MAY,0.0,0.0,0
MAY,117.62814390321554,731.0,1
MAY,0.0,,0
MAY,0.0,-730.0,0
MAY,0.0,1094.0,1
MAY,0.0,0.0,0
MAY,0.0,10.0,1
MAY,0.0,,0
MAY,3.136966696321516,1096.0,1
MAY,0.0,,0
MAY,0.5017976275161932,3652.0,1
MAY,21.585006317562826,1101.0,1
MAY,0.0,,0
MAY,0.0,,0
MAY,0.0,1097.0,1
MAY,-59.49924826882346,733.0,1
MAY,0.0,364.0,1
MAY,8.128686628655,5.0,1
MAY,0.0,359.0,1
MAY,0.0,1101.0,1
MAY,-25.382660319025863,0.0,0
MAY,0.0,,0
MAY,26.57837406440759,366.0,1
MAY,0.0,,0
MAY,0.0,1092.0,1
MAY,0.0,,0
MAY,0.0,1097.0,1
MAY,0.0,359.0,1
MAY,-10.959499119546082,371.0,1
MAY,0.0,,0
MAY,0.0001805627780706,1094.0,1
MAY,0.0,,0
MAY,0.0,363.0,1
MAY,0.000224453959621,1100.0,1
MAY,-32.7667145210016,367.0,1
MAY,0.0,363.0,1
MAY,0.0,2192.0,1
MAY,0.0,3.0,1
MAY,0.0,1456.0,1
MAY,0.0,364.0,1
MAY,0.0,2186.0,1
MAY,-23.175631885936497,372.0,1
MAY,0.0,,0
MAY,0.0,6.0,1
MAY,20.616666666666674,1095.0,1
MAY,-16.376664638680456,367.0,1
MAY,0.0,366.0,1
MAY,0.0,1094.0,1
MAY,36.45095051997085,1097.0,1
MAY,0.0,6.0,1
MAY,-86.38183214556938,731.0,1
MAY,0.0,,0
MAY,0.0,,0
MAY,24.140870437968736,2194.0,1
MAY,0.0,,0
MAY,-0.0001663849215365,1096.0,1
MAY,0.0,4.0,1
MAY,0.0,1101.0,1
MAY,0.0,,0
MAY,65.13194501994862,1828.0,1
MAY,0.0,,0
MAY,0.0,,0
MAY,0.0,,0
MAY,-16.704299653505288,735.0,1
MAY,0.0,0.0,0
MAY,5.493418884176757,,0
MAY,0.0,358.0,1
MAY,0.0,,0
MAY,0.0,0.0,0
MAY,0.0,,0
MAY,-20.63328760859625,1096.0,1
MAY,0.0,1830.0,1
MAY,0.0,,0
MAY,0.2160322479422582,1828.0,1
MAY,0.0,,0
MAY,61.11687413554634,736.0,1
MAY,0.0,,0
MAY,24.176015124344907,1099.0,1
MAY,0.0,,0
MAY,16.246685304452086,1832.0,1
MAY,0.0,359.0,1
MAY,-25.102002892438456,0.0,0
MAY,0.0002004116455169,374.0,1
MAY,0.0,369.0,1
MAY,-3.352792804226088,372.0,1
MAY,0.0,,0
MAY,-5.475724497378313,371.0,1
MAY,-25.654025805566462,0.0,0
MAY,0.0,362.0,1
MAY,-15.95726313437535,735.0,1
MAY,18.32280701754386,2922.0,1
MAY,0.0,731.0,1
MAY,23.50926580201044,735.0,1
MAY,0.0,3.0,1
MAY,0.0,,0
MAY,0.0,731.0,1
MAY,49.48584486479624,4390.0,1
MAY,3.548237129017274,0.0,0
MAY,0.0,,0
MAY,0.0,0.0,0
MAY,0.0,1095.0,1
MAY,0.0,,0
MAY,0.0,365.0,1
MAY,0.0,,0
MAY,-74.79608292238295,737.0,1
MAY,0.0084415584415655,0.0,0
MAY,0.0,,0
MAY,0.0,,0
MAY,5.1306912293459375,369.0,1
MAY,0.0,,0
MAY,201.5001030290542,371.0,1
MAY,0.0,730.0,1
MAY,0.0,,0
MAY,0.0,,0
MAY,187.3563218390805,374.0,1
MAY,-33.02393340270552,365.0,1
MAY,0.0,1826.0,1
MAY,0.0,0.0,0
MAY,8.019882625676162,370.0,1
MAY,0.0,1461.0,1
MAY,0.0,0.0,0
MAY,0.0,365.0,1
MAY,-9.224744795013978,0.0,0
MAY,0.0,,0
MAY,0.0,365.0,1
MAY,-11.581186708251506,1.0,1
MAY,114.7495246755394,1835.0,1
MAY,0.0,,0
MAY,-47.028053316800985,359.0,1
MAY,0.0,,0
MAY,292.44437735849056,371.0,1
MAY,0.0,365.0,1
MAY,-1.9415508507598331,723.0,1
MAY,0.0,,0
MAY,0.0,0.0,0
MAY,0.0,3.0,1
MAY,0.0,8.0,1
MAY,671.103120135067,0.0,0
MAY,0.0,,0
MAY,-10.426949935172754,730.0,1
MAY,20.8955223880597,1470.0,1
MAY,0.0,,0
MAY,13.784660934920009,364.0,1
MAY,0.0,,0
MAY,49.86961770623744,1470.0,1
MAY,0.0,,0
MAY,0.5846393242191831,,0
MAY,139.74137931034485,9.0,1
MAY,0.0,,0
MAY,142.6664840218391,1105.0,1
MAY,-68.42293085908163,362.0,1
MAY,0.0,,0
MAY,0.0,359.0,1
MAY,0.0,1461.0,1
MAY,0.0,356.0,1
MAY,-10.277122479140086,359.0,1
MAY,0.0,,0
MAY,34.20358649789029,0.0,0
MAY,0.0,366.0,1
MAY,0.0,6.0,1
MAY,1231.5280184864243,0.0,0
MAY,0.0,,0
MAY,1.607292020451436,0.0,0
MAY,0.0,,0
MAY,95.27035810089536,0.0,0
MAY,0.0,,0
MAY,-37.1471762947096,0.0,0
MAY,0.0,,0
MAY,0.0002432385756975,,0
MAY,20.92643668971767,368.0,1
MAY,0.0,,0
MAY,-0.404973357015981,2192.0,1
MAY,0.0,,0
MAY,-25.20598717034925,361.0,1
MAY,0.0,,0
MAY,0.0,730.0,1
MAY,0.0,,0
MAY,0.0,,0
MAY,25.69501329009176,4.0,1
MAY,0.0,1461.0,1
MAY,0.0,372.0,1
MAY,0.0,371.0,1
MAY,125.43322475570034,1087.0,1
MAY,0.0,5839.0,1
MAY,0.0,,0
MAY,-27.620101549277443,1094.0,1
MAY,0.0,0.0,0
MAY,0.0,1470.0,1
MAY,0.0,,0
MAY,6.212083282289458,370.0,1
MAY,52.80248551281157,1090.0,1
MAY,0.0,,0
MAY,-27.16942369834577,734.0,1
MAY,0.0,,0
MAY,0.0,0.0,0
MAY,-76.74684385382061,730.0,1
MAY,0.2162349176144963,2191.0,1
MAY,0.0,373.0,1
MAY,0.0,375.0,1
MAY,-45.90962100650047,734.0,1
MAY,0.0,370.0,1
MAY,95.6551255940258,736.0,1
MAY,0.0,1087.0,1
MAY,0.0,365.0,1
MAY,56.63551401869159,1094.0,1
MAY,0.0,362.0,1
MAY,0.0,0.0,0
MAY,0.0,,0
MAY,0.9675858732462508,2560.0,1
MAY,0.0,373.0,1
MAY,-10.794668420115338,739.0,1
MAY,52.92865928659286,365.0,1
MAY,67.70091301294272,731.0,1
MAY,0.0,8.0,1
MAY,164.34706703910612,1098.0,1
MAY,0.0001469887876984,,0
MAY,4.8950622924853,369.0,1
MAY,16.916713624961023,1822.0,1
MAY,0.0,0.0,0
MAY,2.249074873260124,369.0,1
MAY,-12.674971105688972,732.0,1
MAY,0.0,366.0,1
MAY,38.8696647928378,365.0,1
MAY,16.63898916967508,0.0,0
MAY,20.35178981505107,371.0,1
MAY,0.0,1087.0,1
MAY,0.0,11.0,1
MAY,8.125269978401729,724.0,1
MAY,37.58765778401122,365.0,1
MAY,8.752946218127276,1462.0,1
MAY,0.0,0.0,0
MAY,0.6808537757643639,734.0,1
MAY,29.68881412952061,2556.0,1
MAY,0.0,,0
MAY,0.0,1089.0,1
MAY,6.568586995882002,727.0,1
MAY,0.0,730.0,1
MAY,0.0,,0
MAY,0.0,0.0,0
MAY,0.0013623978201622,2.0,1
MAY,0.0,0.0,0
MAY,13.1529263687854,2558.0,1
MAY,26.491840976429483,0.0,0
MAY,0.0,374.0,1
MAY,-3.6458333333333335,369.0,1
MAY,0.0,0.0,0
MAY,24.322749590834693,2925.0,1
MAY,169.2253782081232,1094.0,1
MAY,0.0,,0
MAY,0.0,0.0,0
MAY,-9.380340084600949,4.0,1
MAY,0.0,1461.0,1
MAY,0.0,0.0,0
MAY,-0.0019893371528588,,0
MAY,-20.59704009782013,1097.0,1
MAY,0.0,,0
MAY,0.0,0.0,0
MAY,-10.578488158955947,8.0,1
MAY,-27.42713745768573,,0
MAY,0.0,0.0,0
MAY,-0.0013349708976332,,0
MAY,-18.727280022469213,360.0,1
MAY,0.0,,0
MAY,0.0,366.0,1
MAY,-29.524062044279475,-360.0,0
MAY,-0.0273972602739726,0.0,0
MAY,49.99697208260159,1096.0,1
MAY,0.0,0.0,0
MAY,44.61517476960303,-4.0,0
MAY,0.0,363.0,1
MAY,12.576805550959172,366.0,1
MAY,0.0,-359.0,0
MAY,0.0,0.0,0
MAY,0.0,0.0,0
MAY,0.0,0.0,0
MAY,27.73921448027413,0.0,0
MAY,156.5743944636678,363.0,1
MAY,0.0,365.0,1
MAY,0.0,2.0,1
MAY,0.0,0.0,0
MAY,0.0,,0
MAY,-15.055563885973244,374.0,1
MAY,9.586430341147324,736.0,1
MAY,314.86286320686423,5840.0,1
MAY,0.0,0.0,0
MAY,17.880592097521948,736.0,1
MAY,116.06457242582896,731.0,1
MAY,15.864563960153877,1092.0,1
MAY,7.406950188259985,372.0,1
MAY,136.58153846153846,,0
MAY,0.0,1105.0,1
MAY,-12.56562883998532,369.0,1
MAY,3.137118099645935e-05,0.0,0
MAY,0.0,1819.0,1
MAY,0.0,,0
MAY,-2.817173757943096,366.0,1
MAY,15.307692307692308,,0
MAY,266.2625923438549,5848.0,1
MAY,65.91967049619853,2185.0,1
MAY,69.23076923076923,,0
MAY,-10.652563981490232,367.0,1
MAY,92.0175331586187,3278.0,1
MAY,-18.350625753536317,370.0,1
MAY,0.0,,0
MAY,56.90103203601525,2200.0,1
MAY,0.0,,0
MAY,26.15478625521563,1099.0,1
MAY,6.852212368111132,2560.0,1
MAY,107.37277832455278,3647.0,1
MAY,0.0,,0
MAY,104.70167424421987,3287.0,1
MAY,0.0,373.0,1
MAY,41.981897175959446,373.0,1
MAY,155.45722713864308,3294.0,1
MAY,36.01388237703374,735.0,1
MAY,0.0,,0
MAY,0.0,0.0,0
MAY,0.0,,0
MAY,-5.642628533196191,1091.0,1
MAY,0.0,0.0,0
MAY,0.0,1095.0,1
MAY,12.897323180437317,1823.0,1
MAY,0.0,,0
MAY,9.603960396039604,362.0,1
MAY,1.1377994885343523,1464.0,1
MAY,0.0,,0
MAY,37.5,1092.0,1
MAY,0.0,,0
MAY,-29.701876608297244,726.0,1
MAY,0.0,1096.0,1
MAY,0.0,368.0,1
MAY,2.3884734634324283,361.0,1
MAY,0.0,,0
MAY,0.0,0.0,0
MAY,0.0,,0
MAY,0.0,741.0,1
MAY,42.49183169967326,730.0,1
MAY,-12.562709488027696,366.0,1
MAY,0.0,1461.0,1
MAY,0.0,,0
MAY,0.0,2562.0,1
MAY,-25.933664142073653,1094.0,1
MAY,0.0,0.0,0
MAY,-14.047592322370637,362.0,1
MAY,69.4664461658978,3648.0,1
MAY,0.0,4.0,1
MAY,0.0,,0
MAY,0.0,,0
MAY,33.01440432970284,10.0,1
MAY,-0.0689834899514119,370.0,1
MAY,0.0,,0
MAY,-34.423979456300366,0.0,0
MAY,1.0637704179098155,7.0,1
MAY,0.0,725.0,1
MAY,-32.51403797147175,731.0,1
MAY,0.0,365.0,1
MAY,-44.57813788753578,0.0,0
MAY,52.163996251256165,0.0,0
MAY,-17.471988539603416,1089.0,1
MAY,-32.06241348936707,0.0,0
MAY,189.8286361705141,2551.0,1
MAY,75.48375732870333,2913.0,1
MAY,0.0,0.0,0
MAY,-12.707219537885884,-1.0,0
MAY,29.03563229320908,2192.0,1
MAY,-1.843610934520024,365.0,1
MAY,346.1871854578232,2557.0,1
MAY,1.34124493501184,0.0,0
MAY,58.06248233580449,2551.0,1
MAY,0.0,370.0,1
MAY,-15.03462117410939,0.0,0
MAY,18.94997536716244,2548.0,1
MAY,54.59136523654754,367.0,1
MAY,0.0,0.0,0
MAY,0.0,1090.0,1
MAY,0.0,0.0,0
MAY,0.0,731.0,1
MAY,28.14287819714082,727.0,1
MAY,1.3417812528084894,736.0,1
MAY,0.0,367.0,1
MAY,29.22352420610152,732.0,1
MAY,33.33333333333333,1824.0,1
MAY,0.0,729.0,1
MAY,0.0,1820.0,1
MAY,-14.258770686610116,365.0,1
MAY,0.0,725.0,1
MAY,-41.5078279373765,1093.0,1
MAY,24.59749959408995,737.0,1
MAY,0.0,,0
MAY,0.0,731.0,1
MAY,137.60654273885865,362.0,1
MAY,33.60683188211656,732.0,1
MAY,0.0,1092.0,1
MAY,0.0,0.0,0
MAY,-15.145296519029014,7.0,1
MAY,0.0,730.0,1
MAY,0.0,2196.0,1
MAY,-0.2700511031549292,723.0,1
MAY,0.0,,0
MAY,0.0,362.0,1
MAY,-0.0002037112108361,368.0,1
MAY,0.0,363.0,1
MAY,-0.6065015332521995,370.0,1
MAY,0.0,729.0,1
MAY,0.0,-2.0,0
MAY,-16.82383267530265,8.0,1
MAY,13.87544237887971,2557.0,1
MAY,-12.269413975874858,0.0,0
MAY,5.804700550664591,2928.0,1
MAY,18.928226585130357,1090.0,1
MAY,0.0,-361.0,0
MAY,0.0,,0
MAY,0.5696018599244511,0.0,0
MAY,0.0,,0
MAY,0.0,0.0,0
MAY,0.0,4018.0,1
MAY,-54.62532547403396,365.0,1
MAY,-0.0368421052631543,0.0,0
MAY,0.0,1461.0,1
MAY,-39.92238419821882,0.0,0
MAY,0.0,3.0,1
MAY,0.0,,0
MAY,60.47519528573386,736.0,1
MAY,0.0,,0
MAY,8.74439461883408,0.0,0
MAY,0.0,9.0,1
MAY,58.38318236198942,,0
MAY,0.0,0.0,0
MAY,27.95271115152893,732.0,1
MAY,-9.88661000364537,728.0,1
MAY,33.974612934408825,369.0,1
MAY,0.0,4.0,1
MAY,0.0,1106.0,1
MAY,180.44948547019607,1835.0,1
MAY,0.0,0.0,0
MAY,0.0,730.0,1
MAY,34.729937898866936,739.0,1
MAY,0.0,1461.0,1
MAY,0.0,0.0,0
MAY,0.0,,0
MAY,0.0,739.0,1
MAY,8.23751112351905,1092.0,1
MAY,0.0,,0
MAY,-3.7511845565765416,0.0,0
MAY,0.0,2195.0,1
MAY,-37.17575120622941,734.0,1
MAY,0.0,,0
MAY,-24.171496089574063,0.0,0
MAY,0.0,,0
MAY,0.0,365.0,1
MAY,68.72105915345983,1463.0,1
MAY,0.0,,0
MAY,0.0,366.0,1
MAY,-27.36859220031124,,0
MAY,-16.490047800905433,733.0,1
MAY,38.37192298318303,1455.0,1
MAY,0.0,371.0,1
MAY,-10.199298833930346,732.0,1
MAY,0.0,,0
MAY,-3.8727524204702575,731.0,1
MAY,0.0,0.0,0
MAY,0.0,,0
MAY,0.0,2191.0,1
MAY,0.0,0.0,0
MAY,-6.250809367746819,365.0,1
MAY,0.0,,0
MAY,0.0,0.0,0
MAY,0.0,,0
MAY,-19.60466335076981,728.0,1
MAY,0.0,0.0,0
MAY,0.0,,0
MAY,0.0,0.0,0
MAY,0.0,11.0,1
MAY,0.0,,0
MAY,-10.55886233394768,365.0,1
MAY,6.653809064609451,735.0,1
MAY,0.0,,0
MAY,7.332058383891664,735.0,1
MAY,0.0,370.0,1
MAY,0.0,364.0,1
MAY,0.0,,0
MAY,0.0181890075128523,725.0,1
MAY,0.0,735.0,1
MAY,0.0,,0
MAY,0.0,365.0,1
MAY,0.0,369.0,1
MAY,-11.114434024736711,0.0,0
MAY,-2.268817204301081,0.0,0
MAY,2.8350923482849613,732.0,1
MAY,0.0,734.0,1
MAY,0.0,730.0,1
MAY,0.0166100415251058,356.0,1
MAY,0.0,366.0,1
MAY,-0.0944333087603574,729.0,1
MAY,0.0,365.0,1
MAY,0.0,0.0,0
MAY,-98.16163146970644,0.0,0
MAY,0.0,365.0,1
MAY,16.93601366443306,720.0,1
MAY,0.0,6.0,1
MAY,3.3047619047619032,1461.0,1
MAY,0.0,0.0,0
MAY,0.0,365.0,1
MAY,0.0,362.0,1
MAY,0.0,4.0,1
MAY,0.1514896482073782,729.0,1
MAY,0.0,,0
MAY,0.0,365.0,1
MAY,0.0,736.0,1
MAY,29.49713947940636,1089.0,1
MAY,3.708950418544752,5.0,1
MAY,0.0,1452.0,1
MAY,0.0,1.0,1
MAY,-2.2412565944019094,731.0,1
MAY,0.0,0.0,0
MAY,0.0,0.0,0
MAY,0.0,367.0,1
MAY,0.0,0.0,0
MAY,0.0,366.0,1
MAY,0.0,0.0,0
MAY,0.0,,0
MAY,-8.346735117073111,1092.0,1
MAY,0.0,358.0,1
MAY,0.0,,0
MAY,0.0,,0
MAY,0.0,,0
MAY,-1.9217787875794416,11.0,1
MAY,0.0,0.0,0
MAY,0.0,363.0,1
MAY,0.0,361.0,1
MAY,0.0,,0
MAY,0.0,0.0,0
MAY,18.933245573309986,731.0,1
MAY,14.265173366594777,0.0,0
MAY,-0.019999999999998,0.0,0
MAY,4.050412312237786,731.0,1
MAY,0.0,364.0,1
MAY,66.66666666666666,3.0,1
MAY,-46.7294161028277,725.0,1
MAY,0.0,,0
MAY,21.607601293916908,1094.0,1
MAY,0.0,731.0,1
MAY,0.0,368.0,1
MAY,0.0,0.0,0
MAY,0.0,363.0,1
MAY,0.0,0.0,0
MAY,-43.410749124729406,0.0,0
MAY,0.0,363.0,1
MAY,-58.84499589453517,,0
MAY,0.0,731.0,1
MAY,0.0,365.0,1
MAY,0.0,,0
MAY,79.01840490797547,0.0,0
MAY,-20.26290264944612,728.0,1
MAY,0.0,,0
MAY,16.8,0.0,0
MAY,0.0,,0
MAY,-26.49748832372304,370.0,1
MAY,0.0,9.0,1
MAY,0.0,,0
MAY,-9.36925601750547,726.0,1
MAY,0.0,723.0,1
MAY,0.0,,0
MAY,-13.694596235579832,367.0,1
MAY,-0.93344425956739,-366.0,0
MAY,0.8785870640798844,357.0,1
MAY,0.0,0.0,0
MAY,-1.254612546125467,0.0,0
MAY,-13.201540056271286,1091.0,1
MAY,0.0,1.0,1
MAY,0.0,4.0,1
MAY,0.0,,0
MAY,-23.637100798403196,370.0,1
MAY,0.0,5.0,1
MAY,0.0,0.0,0
MAY,0.0,361.0,1
MAY,0.0,,0
MAY,0.0,,0
MAY,31.05614086789951,1103.0,1
MAY,0.0,359.0,1
MAY,0.0,367.0,1
MAY,2.6248813734794227,734.0,1
MAY,0.0,4.0,1
MAY,18.008981305217933,0.0,0
MAY,0.0,366.0,1
MAY,45.32680580606373,1095.0,1
MAY,0.0,731.0,1
MAY,0.9080182629661836,366.0,1
MAY,0.0,0.0,0
MAY,190.654296875,728.0,1
MAY,3.463806037569179,734.0,1
MAY,0.0,371.0,1
MAY,0.0,,0
MAY,-40.30986598750834,727.0,1
MAY,0.0,4.0,1
MAY,264.20236042965126,365.0,1
MAY,0.0,,0
MAY,-38.07154792647729,0.0,0
MAY,114.31230610134438,1096.0,1
MAY,0.0,362.0,1
MAY,6.014276639498704,1096.0,1
MAY,0.0,735.0,1
MAY,0.0,6.0,1
MAY,0.0,368.0,1
MAY,0.0,-2566.0,0
MAY,0.0,0.0,0
MAY,47.19626168224299,368.0,1
MAY,101.92000000000002,,0
MAY,-11.268955465263716,737.0,1
MAY,-14.64686707714596,738.0,1
MAY,-14.08570560226928,366.0,1
MAY,100.0,,0
MAY,6.44750329477229,2196.0,1
MAY,0.0,722.0,1
MAY,0.0,,0
MAY,31.649466804265565,374.0,1
MAY,94.83421969753488,737.0,1
MAY,0.0,,0
MAY,0.0,1101.0,1
MAY,0.0,,0
MAY,40.2315573590892,1821.0,1
MAY,-14.104359261981214,371.0,1
MAY,0.0,,0
MAY,1.68455503681956,1091.0,1
MAY,0.0,732.0,1
MAY,0.0,,0
MAY,20.959809230463517,1461.0,1
MAY,0.0,,0
MAY,0.0,0.0,0
MAY,0.0,1455.0,1
MAY,0.0,,0
MAY,-32.33039884139098,728.0,1
MAY,0.0,1092.0,1
MAY,0.0,,0
MAY,31.08134282075311,3278.0,1
MAY,0.0,725.0,1
MAY,0.0,0.0,0
MAY,81.64000000000001,,0
MAY,-24.72995340242095,9.0,1
MAY,0.0,,0
MAY,31.77968577720855,735.0,1
MAY,-41.6883030424073,367.0,1
MAY,0.0,,0
MAY,126.9299533409887,722.0,1
MAY,0.0,,0
MAY,158.57414280664548,,0
MAY,-16.502177648140005,364.0,1
MAY,90.45538461538465,,0
MAY,0.0,369.0,1
MAY,-33.52124376928555,0.0,0
MAY,0.0,0.0,0
MAY,104.15384615384616,,0
MAY,5.903957783641161,365.0,1
MAY,-51.19094103865678,359.0,1
MAY,0.0,,0
MAY,0.0,,0
MAY,-12.432016700543874,10.0,1
MAY,56.17529880478087,-10924.0,0
MAY,0.0,,0
MAY,427.3177786007796,2551.0,1
MAY,-81.5131914893617,4751.0,1
MAY,-0.6615384615384545,,0
MAY,104.6983664887595,1092.0,1
MAY,22.21124093659075,-1.0,0
MAY,15.117162761241293,1099.0,1
MAY,154.08400000000003,,0
MAY,-17.29444896701943,370.0,1
MAY,38.500088857295175,366.0,1
MAY,50.79047401576917,1099.0,1
MAY,31.93719599639261,366.0,1
MAY,-11.6,1096.0,1
MAY,0.0,,0
MAY,86.687306501548,1095.0,1
MAY,-12.517275186335777,1094.0,1
MAY,0.0,,0
MAY,0.0,1470.0,1
MAY,0.0,,0
MAY,5.337763863012112,1096.0,1
MAY,0.0,0.0,0
MAY,0.0,374.0,1
MAY,8.529176760054282,0.0,0
MAY,0.0,4757.0,1
MAY,0.0,,0
MAY,0.0,0.0,0
MAY,18.97302001740644,1461.0,1
MAY,0.0,,0
MAY,0.0,1091.0,1
MAY,67.10716367230066,363.0,1
MAY,0.0,,0
MAY,207.6469914415225,1456.0,1
MAY,0.0,0.0,0
MAY,9.122430043463396,359.0,1
MAY,0.0,-4.0,0
MAY,0.0,,0
MAY,-31.700786041288765,363.0,1
MAY,0.0,0.0,0
MAY,-28.369929728181187,366.0,1
MAY,73.50514050719671,374.0,1
MAY,-19.23054793732379,368.0,1
MAY,0.0,365.0,1
MAY,0.0,,0
MAY,0.0,,0
MAY,0.0,,0
MAY,8.106017261247606,0.0,0
MAY,0.0,365.0,1
MAY,0.0,6.0,1
MAY,0.0,,0
MAY,-20.09509654422504,372.0,1
MAY,0.0,367.0,1
MAY,-0.1123141201311829,1458.0,1
MAY,26.02450015454943,1091.0,1
MAY,0.0,722.0,1
MAY,0.0,,0
MAY,-31.41818240978752,1832.0,1
MAY,0.0,367.0,1
MAY,-27.18117586879376,0.0,0
MAY,0.0,737.0,1
MAY,0.2454630060493268,0.0,0
MAY,0.0,,0
MAY,0.0,5.0,1
MAY,0.0,365.0,1
MAY,0.0,367.0,1
MAY,7.376469832294543,1100.0,1
MAY,0.0,0.0,0
MAY,14.587209302325585,0.0,0
MAY,0.0,,0
MAY,0.2202516714596645,0.0,0
MAY,0.0,364.0,1
MAY,0.0,0.0,0
MAY,1.7213877442509695,1094.0,1
MAY,88.40509311496226,374.0,1
MAY,-9.713327694538432,1095.0,1
MAY,0.0,,0
MAY,0.0,370.0,1
MAY,0.0,722.0,1
MAY,-32.03153483747247,731.0,1
MAY,0.0,-9.0,0
MAY,0.0,,0
MAY,0.0,0.0,0
MAY,54.74895315618519,6215.0,1
MAY,0.0,357.0,1
MAY,12.07847441349981,364.0,1
MAY,0.0,1459.0,1
MAY,0.0,0.0,0
MAY,-16.307067210925304,0.0,0
MAY,-4.7120212105827255,1827.0,1
MAY,-25.463083101637316,365.0,1
MAY,1.3699230075240545,1.0,1
MAY,1.6680297877835653,2195.0,1
MAY,0.0,1460.0,1
MAY,0.0,5.0,1
MAY,19.12865852116061,1103.0,1
MAY,0.0,361.0,1
MAY,0.0,1094.0,1
MAY,-7.435231794288802,364.0,1
MAY,-1.0026591584545548,4382.0,1
MAY,5.162815526576678,365.0,1
MAY,-53.27790959675347,4742.0,1
MAY,0.0,722.0,1
MAY,-5.845231028773152,361.0,1
MAY,40.12779455734818,1101.0,1
MAY,0.0,368.0,1
MAY,0.0,732.0,1
MAY,0.0,9.0,1
MAY,9.823302416897969,371.0,1
MAY,-12.198975663642756,362.0,1
MAY,0.0,2556.0,1
MAY,11.589461368462093,6215.0,1
MAY,0.0,1104.0,1
MAY,0.0,0.0,0
MAY,-66.48474178403757,4755.0,1
MAY,11.474915667838951,362.0,1
MAY,0.0,365.0,1
MAY,21.03871312890596,3652.0,1
MAY,0.0,364.0,1
MAY,0.0,0.0,0
MAY,-13.604421345435917,732.0,1
MAY,0.0,0.0,0
MAY,0.0,0.0,0
MAY,2.295005508334872,1096.0,1
MAY,0.0,0.0,0
MAY,0.0,0.0,0
MAY,0.0,0.0,0
MAY,-25.434911048381814,720.0,1
MAY,0.0,,0
MAY,0.0,2197.0,1
MAY,61.61614129669488,1460.0,1
MAY,0.0,1.0,1
MAY,0.0,2191.0,1
MAY,-18.25348175755198,722.0,1
MAY,29.141497434310104,1822.0,1
MAY,0.0,730.0,1
MAY,0.0,0.0,0
MAY,43.75752625681943,6.0,1
MAY,0.0,0.0,0
MAY,0.0,0.0,0
MAY,-32.85050520662275,722.0,1
MAY,0.0,6.0,1
MAY,-0.0566027564643835,0.0,0
MAY,0.0,0.0,0
MAY,0.0,1092.0,1
MAY,0.0,368.0,1
MAY,-18.10643899318456,725.0,1
MAY,0.0,0.0,0
MAY,0.0,4.0,1
MAY,0.0,,0
MAY,0.0,735.0,1
MAY,0.0,368.0,1
MAY,0.0,,0
MAY,0.0,367.0,1
MAY,0.0,728.0,1
MAY,0.0,,0
MAY,0.0,0.0,0
MAY,0.0,371.0,1
MAY,-3.005473770101647,1834.0,1
MAY,0.0,,0
MAY,38.28867304130919,725.0,1
MAY,0.0,725.0,1
MAY,0.0,,0
MAY,0.0,376.0,1
MAY,0.0,9.0,1
MAY,-12.146144550433242,736.0,1
MAY,0.0,2.0,1
MAY,0.0,0.0,0
MAY,2.086855380786873,364.0,1
MAY,0.0,,0
MAY,0.0,728.0,1
MAY,8.839639639639628,739.0,1
MAY,0.0,360.0,1
MAY,0.3990376638460216,1094.0,1
MAY,0.0,0.0,0
MAY,0.0,363.0,1
MAY,0.0,360.0,1
MAY,18.53357645765535,368.0,1
MAY,0.0,2195.0,1
MAY,0.0,366.0,1
MAY,0.0,0.0,0
MAY,-1.322299575287877,1467.0,1
MAY,17.63518743779718,1462.0,1
MAY,0.0,366.0,1
MAY,-11.144558814009194,366.0,1
MAY,0.0,,0
MAY,19.347482957794217,728.0,1
MAY,0.0,2192.0,1
MAY,0.0,,0
MAY,29.84576556365674,2558.0,1
MAY,0.0,-1.0,0
MAY,21.80964645435969,732.0,1
MAY,0.0,0.0,0
MAY,-99.95809938825109,0.0,0
MAY,0.0,1820.0,1
MAY,0.0,-4.0,0
MAY,38.87963806591472,1105.0,1
MAY,0.0,360.0,1
MAY,0.0,0.0,0
MAY,32.65226293432752,726.0,1
MAY,0.0,0.0,0
MAY,0.0,0.0,0
MAY,0.0,720.0,1
MAY,0.0,375.0,1
MAY,79.77430303733576,,0
MAY,22.18600274606574,1454.0,1
MAY,0.0,0.0,0
MAY,0.0,368.0,1
MAY,0.0,728.0,1
MAY,0.0,1822.0,1
MAY,0.0,0.0,0
MAY,33.19391763749663,2193.0,1
MAY,0.0,,0
MAY,0.0,0.0,0
MAY,0.0,,0
MAY,31.145117504233365,721.0,1
MAY,0.0,2192.0,1
MAY,0.0,738.0,1
MAY,8.628926749672932,1092.0,1
MAY,0.0,365.0,1
MAY,0.0,8.0,1
MAY,59.41407645587711,728.0,1
MAY,-3.608562995555246,7.0,1
MAY,0.0,2194.0,1
MAY,0.0,0.0,0
MAY,-3.0785771474322297,730.0,1
MAY,0.0,729.0,1
MAY,0.0,0.0,0
MAY,-18.19932200612447,367.0,1
MAY,0.0,0.0,0
MAY,0.0,1456.0,1
MAY,0.0,2.0,1
MAY,-14.515807591267334,373.0,1
MAY,-2.874401621300532,6.0,1
MAY,0.0,365.0,1
MAY,-16.119578744530227,368.0,1
MAY,0.0,366.0,1
MAY,0.0,1452.0,1
MAY,0.0,369.0,1
MAY,-16.647002433448854,370.0,1
MAY,0.0,0.0,0
MAY,66.62715459617475,0.0,0
MAY,-0.1669798948094284,725.0,1
MAY,0.0,0.0,0
MAY,0.0,365.0,1
MAY,-46.44005777563794,0.0,0
MAY,0.0,366.0,1
MAY,-30.422619047619044,,0
MAY,9.236299949301744,1091.0,1
MAY,0.0,1089.0,1
MAY,0.0,0.0,0
MAY,-2.292293450590148,356.0,1
MAY,0.0,360.0,1
MAY,0.0,,0
MAY,-30.97280603928969,730.0,1
MAY,-17.307867834976275,7.0,1
MAY,24.77960268099752,729.0,1
MAY,-0.9074364288964236,735.0,1
MAY,0.0,1094.0,1
MAY,0.0,8.0,1
MAY,0.0,0.0,0
MAY,-12.639696751846287,1094.0,1
MAY,0.0,1105.0,1
MAY,5.729018471526215,369.0,1
MAY,-3.729680125852122,727.0,1
MAY,0.0,0.0,0
MAY,2.9257670519663392,5.0,1
MAY,8.062594328381929,,0
MAY,0.0,732.0,1
MAY,0.0,0.0,0
MAY,16.028288439750003,364.0,1
MAY,0.0,0.0,0
MAY,0.0,367.0,1
MAY,5.936885372698948,1093.0,1
MAY,0.0,2197.0,1
MAY,0.0,0.0,0
MAY,-1.63321832356348,2187.0,1
MAY,42.94369251063394,2194.0,1
MAY,0.0,0.0,0
MAY,40.8962942667306,1462.0,1
MAY,-23.92808351140226,362.0,1
MAY,-5.461574121363075,371.0,1
MAY,0.0,0.0,0
MAY,0.0,1102.0,1
MAY,0.6128105045880391,0.0,0
MAY,0.0,0.0,0
MAY,-56.5541166970721,5843.0,1
MAY,0.0,1.0,1
MAY,1.329355503882759,,0
MAY,0.0,,0
MAY,6.916426512968292,2924.0,1
MAY,0.0,1094.0,1
MAY,0.0,371.0,1
MAY,0.0,0.0,0
MAY,0.0,0.0,0
MAY,0.0,1090.0,1
MAY,-15.915088927137123,7.0,1
MAY,0.0,0.0,0
MAY,-22.732709873858187,741.0,1
MAY,0.0,0.0,0
MAY,36.840646651270205,1096.0,1
MAY,0.0,363.0,1
MAY,0.0,0.0,0
MAY,20.6143102194441,365.0,1
MAY,0.0,0.0,0
MAY,0.0,0.0,0
MAY,0.0,725.0,1
MAY,50.14212820314857,1100.0,1
MAY,0.0,4.0,1
MAY,0.0,0.0,0
MAY,0.0,1834.0,1
MAY,-14.340290221974833,359.0,1
MAY,0.0,1102.0,1
MAY,0.0,730.0,1
MAY,0.0,368.0,1
MAY,17.911179602129437,2194.0,1
MAY,-14.384172947243169,365.0,1
MAY,11.953647972098778,365.0,1
MAY,0.0,0.0,0
MAY,4.895141113289027,2555.0,1
MAY,95.40639641474844,368.0,1
MAY,0.0,0.0,0
MAY,6.8355570347602255,2560.0,1
MAY,0.0,0.0,0
MAY,0.0,723.0,1
MAY,0.0,0.0,0
MAY,6.021211084502235,373.0,1
MAY,0.0,-1096.0,0
MAY,0.0,0.0,0
MAY,-1.477150330820132,364.0,1
MAY,0.0,733.0,1
MAY,0.0,,0
MAY,0.0,726.0,1
MAY,0.0,0.0,0
MAY,0.0,734.0,1
MAY,0.0,726.0,1
MAY,0.0,1105.0,1
MAY,24.748584083647987,734.0,1
MAY,0.0,0.0,0
MAY,-10.41909744439008,370.0,1
MAY,0.0,,0
MAY,-13.486364230978436,3.0,1
MAY,0.0,366.0,1
MAY,0.0,366.0,1
MAY,41.29402380091087,731.0,1
MAY,-36.7654267415604,4.0,1
MAY,0.0,731.0,1
MAY,0.0,9.0,1
MAY,0.0,360.0,1
MAY,2.0307107487620777,1456.0,1
MAY,0.0,11.0,1
MAY,-1.3059557151035854,1087.0,1
MAY,0.0,1101.0,1
MAY,1.1888866720893,733.0,1
MAY,0.0,366.0,1
MAY,0.0,360.0,1
MAY,6.222129253705804,4.0,1
MAY,5.398923413100248,735.0,1
MAY,0.0,1465.0,1
MAY,0.0,0.0,0
MAY,0.0,0.0,0
MAY,3.50048390007054,1101.0,1
MAY,0.0,1461.0,1
MAY,-28.585376059137356,364.0,1
MAY,7.531108558140817,361.0,1
MAY,0.0,1459.0,1
MAY,0.0,4.0,1
MAY,0.0,0.0,0
MAY,-22.14684442847035,366.0,1
MAY,0.0,0.0,0
MAY,-40.7755973985838,364.0,1
MAY,0.2266081871345084,1101.0,1
MAY,0.0,2.0,1
MAY,-52.53131699332433,1090.0,1
MAY,5.978158029897551,366.0,1
MAY,7.807092785944583,0.0,0
MAY,15.60005430355688,0.0,0
MAY,39.83918828371781,732.0,1
MAY,0.0,0.0,0
MAY,67.24529602531766,1821.0,1
MAY,0.0,,0
MAY,-15.657926978681704,0.0,0
MAY,0.0,362.0,1
MAY,6.695232994108196,0.0,0
MAY,0.0,362.0,1
MAY,0.0,738.0,1
MAY,-30.16945157166559,-3.0,0
MAY,0.0,0.0,0
MAY,0.0,356.0,1
MAY,-35.69477021419182,0.0,0
MAY,0.0,732.0,1
MAY,-32.50439424516633,738.0,1
MAY,0.0,0.0,0
MAY,-26.852073669156667,365.0,1
MAY,0.0,1092.0,1
MAY,0.0,0.0,0
MAY,-58.00155207811471,,0
MAY,0.0,1452.0,1
MAY,0.0,1462.0,1
MAY,0.0,1453.0,1
MAY,0.0,1469.0,1
MAY,7.230694747034618,1463.0,1
MAY,30.14376502748595,736.0,1
MAY,114.13199874882704,371.0,1
MAY,0.0,1457.0,1
MAY,-23.78299296550895,0.0,0
MAY,0.0,1096.0,1
MAY,51.052563605837534,0.0,0
MAY,0.9003676800287143,1097.0,1
MAY,0.0,0.0,0
MAY,0.0,0.0,0
MAY,0.0,359.0,1
MAY,-25.779147253726357,1090.0,1
MAY,-4.041180686779174,0.0,0
MAY,55.49346044567592,373.0,1
MAY,0.0,371.0,1
MAY,-25.792518520457573,0.0,0
MAY,0.0,360.0,1
MAY,0.0,362.0,1
MAY,0.0,1100.0,1
MAY,-24.44003163758141,0.0,0
MAY,41.168425166080496,,0
MAY,0.0,1089.0,1
MAY,0.0,1094.0,1
MAY,0.087951702571224,366.0,1
MAY,0.0,0.0,0
MAY,47.25649964728614,9.0,1
MAY,-23.353843524334486,724.0,1
MAY,0.0,359.0,1
MAY,0.0,736.0,1
MAY,0.0,369.0,1
MAY,-5.818658374941449,368.0,1
MAY,0.0,730.0,1
MAY,0.0,732.0,1
MAY,0.0,369.0,1
MAY,34.63000223563604,730.0,1
MAY,0.0,1091.0,1
MAY,18.29858215179317,7.0,1
MAY,0.0,1096.0,1
MAY,11.278195488721815,1097.0,1
MAY,0.0,367.0,1
MAY,0.0,3.0,1
MAY,0.0,,0
MAY,0.0,0.0,0
MAY,0.0,1460.0,1
MAY,0.0,,0
MAY,27.07694553949482,359.0,1
MAY,0.0,0.0,0
MAY,0.0,0.0,0
MAY,18.417844246020227,5484.0,1
MAY,0.0,0.0,0
MAY,-34.09772446639619,1094.0,1
MAY,0.0,0.0,0
MAY,0.0,0.0,0
MAY,22.637260472083064,9.0,1
MAY,-14.046370637391442,367.0,1
MAY,0.0,0.0,0
MAY,0.0,0.0,0
MAY,-43.67257331033401,0.0,0
MAY,0.0,0.0,0
MAY,2.902127851411054,,0
MAY,0.0,-354.0,0
MAY,25.786269033779725,726.0,1
MAY,22.782271885925816,1096.0,1
MAY,0.0,-354.0,0
MAY,0.0,1458.0,1
MAY,0.0,-1.0,0
MAY,-27.57542339503742,731.0,1
MAY,0.0,-354.0,0
MAY,-6.4188235992931535,356.0,1
MAY,0.5609529441581375,364.0,1
MAY,0.0,,0
MAY,0.0,0.0,0
MAY,0.0,1458.0,1
MAY,0.0,,0
MAY,0.0,,0
MAY,0.0,0.0,0
MAY,4.587381625876281,727.0,1
MAY,-1.7762226555196492,0.0,0
MAY,-10.85731190832088,727.0,1
MAY,0.0,,0
MAY,0.0,4.0,1
MAY,0.0,365.0,1
MAY,0.0,,0
MAY,0.0,11.0,1
MAY,0.0,6.0,1
MAY,0.0,1097.0,1
MAY,0.0,,0
MAY,47.04957407981765,1090.0,1
MAY,0.0,729.0,1
MAY,0.0,,0
MAY,0.0,732.0,1
MAY,0.0301333933171788,2188.0,1
MAY,0.0,729.0,1
MAY,6.704536520166683,,0
MAY,0.0,0.0,0
MAY,6.44798199067375,724.0,1
MAY,0.0,2.0,1
MAY,0.0,1096.0,1
MAY,-2.1460040740916204,366.0,1
MAY,0.0,0.0,0
MAY,0.0,-1.0,0
MAY,0.0,373.0,1
MAY,-28.259841639657147,0.0,0
MAY,0.0,725.0,1
MAY,0.0,-365.0,0
MAY,-24.481360782131784,7.0,1
MAY,0.0,5.0,1
MAY,0.0,7.0,1
MAY,0.0,,0
MAY,0.0,1103.0,1
MAY,0.0,728.0,1
MAY,0.0,365.0,1
MAY,0.0,1093.0,1
MAY,0.0,1097.0,1
MAY,0.0,,0
MAY,0.0,365.0,1
MAY,0.0,,0
MAY,0.0,,0
MAY,23.86423666138405,367.0,1
MAY,0.0,729.0,1
MAY,7.824579194301733e-05,,0
MAY,0.0,730.0,1
MAY,0.0,1090.0,1
MAY,17.15818959560174,2555.0,1
MAY,-8.322992015935432e-05,,0
MAY,0.0,0.0,0
MAY,0.0,1098.0,1
MAY,0.0,,0
MAY,0.0,,0
MAY,0.0,1826.0,1
MAY,0.0,1098.0,1
MAY,0.0,9.0,1
MAY,0.0,1094.0,1
MAY,0.0,1456.0,1
MAY,-29.28998396267678,0.0,0
MAY,0.0,,0
MAY,-11.884623725872917,368.0,1
MAY,0.0,361.0,1
MAY,0.0,,0
MAY,-22.41077954682684,368.0,1
MAY,0.0,,0
MAY,-24.783267034518158,738.0,1
MAY,0.0,0.0,0
MAY,0.0,1092.0,1
MAY,0.0,0.0,0
MAY,0.0,1.0,1
MAY,38.02338352888038,0.0,0
MAY,2.055586363764523,4745.0,1
MAY,2.974912451920313,0.0,0
MAY,0.0,2.0,1
MAY,0.0,0.0,0
MAY,0.0,5.0,1
MAY,0.0,,0
MAY,-0.883069427527405,365.0,1
MAY,0.0,0.0,0
MAY,0.0,,0
MAY,0.0,726.0,1
MAY,12.323060573857603,0.0,0
MAY,0.0,727.0,1
MAY,-0.0052416788348449,728.0,1
MAY,-2.5450010112586834,360.0,1
MAY,0.0,365.0,1
MAY,21.16700294533734,372.0,1
MAY,0.0,0.0,0
MAY,0.0,1107.0,1
MAY,0.0,0.0,0
MAY,0.7814086361058301,728.0,1
MAY,0.0,0.0,0
MAY,68.25424578335723,1093.0,1
MAY,0.0,360.0,1
MAY,0.0,0.0,0
MAY,0.0,1455.0,1
MAY,-1.7043478260869551,731.0,1
MAY,0.0,,0
MAY,0.0,0.0,0
MAY,0.0,366.0,1
MAY,20.98747422880927,2189.0,1
MAY,-15.385268881148589,-730.0,0
MAY,0.0,1828.0,1
MAY,0.0,0.0,0
MAY,0.0,0.0,0
MAY,-8.637600455609698,1832.0,1
MAY,0.0,2192.0,1
MAY,0.0,5.0,1
MAY,72.33311406990723,1832.0,1
MAY,23.473374975043495,2922.0,1
MAY,3.1782040339607334,2555.0,1
MAY,0.0,,0
MAY,-7.035231178153614,372.0,1
MAY,0.0,735.0,1
MAY,0.0,,0
MAY,0.0,731.0,1
MAY,0.0,359.0,1
MAY,0.0,,0
MAY,0.0,0.0,0
MAY,0.0,361.0,1
MAY,0.0,0.0,0
MAY,0.0,,0
MAY,97.93792645371656,1823.0,1
MAY,0.0,0.0,0
MAY,0.0,,0
MAY,0.0,0.0,0
MAY,0.0,359.0,1
MAY,0.0,6.0,1
MAY,0.0,0.0,0
MAY,0.0,0.0,0
MAY,0.0,,0
MAY,0.0,5.0,1
MAY,-8.008990046733963,7.0,1
MAY,4.427307175457931,3.0,1
MAY,0.0,360.0,1
MAY,0.0,368.0,1
MAY,0.0,0.0,0
MAY,59.929588607594944,1463.0,1
MAY,0.0,734.0,1
MAY,0.0,9.0,1
MAY,0.0,366.0,1
MAY,18.207877461706797,365.0,1
MAY,3.251599726226813,361.0,1
MAY,0.0,722.0,1
MAY,0.0,6.0,1
MAY,0.0,0.0,0
MAY,0.0061519532451497,367.0,1
MAY,0.0,362.0,1
MAY,0.0,3.0,1
MAY,0.0,370.0,1
MAY,-6.501704466023586,361.0,1
MAY,18.85057471264368,3.0,1
MAY,18.081914030819146,0.0,0
MAY,0.0,726.0,1
MAY,0.0,1101.0,1
MAY,0.0,4.0,1
MAY,0.0,0.0,0
MAY,0.0,0.0,0
MAY,0.0,363.0,1
MAY,0.0,731.0,1
MAY,19.79758904323701,3286.0,1
MAY,-1.5965455526831638,373.0,1
MAY,0.0,0.0,0
MAY,0.0,0.0,0
MAY,0.0,9.0,1
MAY,6.198128200600393,2193.0,1
MAY,30.1855354167448,1090.0,1
MAY,8.90072403230297,720.0,1
MAY,0.0,1093.0,1
MAY,0.0,,0
MAY,4.983306795418356,3.0,1
MAY,0.0,1094.0,1
MAY,-5.867131389945078,734.0,1
MAY,0.8239479037628848,730.0,1
MAY,0.0,6.0,1
MAY,30.95311907960457,732.0,1
MAY,12.923700202565833,1100.0,1
MAY,0.0,733.0,1
MAY,0.0,369.0,1
MAY,4.61489589049008,734.0,1
MAY,3.541999442204819,7.0,1
MAY,0.0,731.0,1
MAY,20.789624698726044,356.0,1
MAY,84.23566509773006,1457.0,1
MAY,0.0,,0
MAY,102.71012006861064,5111.0,1
MAY,0.0,366.0,1
MAY,9.703327323389605,4.0,1
MAY,0.0,1092.0,1
MAY,26.74595842956121,0.0,0
MAY,12.92684293425141,358.0,1
MAY,0.0,0.0,0
MAY,16.863228304875907,736.0,1
MAY,0.0,,0
MAY,0.0,365.0,1
MAY,0.0,373.0,1
MAY,32.87451361867705,0.0,0
MAY,0.0,0.0,0
MAY,0.0,,0
MAY,0.0,1462.0,1
MAY,3.672843344525977,724.0,1
MAY,0.0,359.0,1
MAY,-3.857612726295354,369.0,1
MAY,-11.098992750368904,725.0,1
MAY,0.0,0.0,0
MAY,0.0,727.0,1
MAY,0.0,0.0,0
MAY,0.0,0.0,0
MAY,2.0229865853573603,361.0,1
MAY,0.0,2554.0,1
MAY,12.916810359482987,732.0,1
MAY,-0.0002126780203692,,0
MAY,17.27852348993289,736.0,1
MAY,0.0,,0
MAY,-27.84755305326982,,0
MAY,-0.0597914474313594,1093.0,1
MAY,0.0,,0
MAY,32.30625689162826,736.0,1
MAY,7.629162550124949,731.0,1
MAY,0.0,0.0,0
MAY,0.0,0.0,0
MAY,21.04247482465421,735.0,1
MAY,8.842654509279454,722.0,1
MAY,0.0,731.0,1
MAY,1.4416070977084203,,0
MAY,14.415936705283974,739.0,1
MAY,0.0,0.0,0
MAY,-0.2748470609096593,727.0,1
MAY,0.0,6.0,1
MAY,17.85342455566297,1827.0,1
MAY,-7.615200478755237,0.0,0
MAY,0.0,732.0,1
MAY,11.77802120357886,732.0,1
MAY,0.0,0.0,0
MAY,0.0,1818.0,1
MAY,-3.0534119219784928,361.0,1
MAY,0.0,3.0,1
MAY,-1.6708105420188888,370.0,1
MAY,0.0,0.0,0
MAY,2.441367499947789,367.0,1
MAY,0.0,729.0,1
MAY,0.0,1468.0,1
MAY,0.0,0.0,0
MAY,0.0,369.0,1
MAY,-0.0001703876489376,,0
MAY,0.0,370.0,1
MAY,3.8679184618352616,1823.0,1
MAY,5.240480422254535,0.0,0
MAY,0.0,0.0,0
MAY,0.0,,0
MAY,0.0,0.0,0
MAY,0.0,,0
MAY,0.0,364.0,1
MAY,11.515475306517928,364.0,1
MAY,0.8896766082279856,4743.0,1
MAY,0.0,726.0,1
MAY,0.9912996471645276,1096.0,1
MAY,0.0,0.0,0
MAY,-0.1960870714726329,366.0,1
MAY,6.7338868101887845,4753.0,1
MAY,0.0,0.0,0
MAY,6.509699392862436,727.0,1
MAY,13.326275392046592,3.0,1
MAY,0.0,2199.0,1
MAY,7.342779073079645,,0
MAY,0.0,,0
MAY,0.0,,0
MAY,0.0,356.0,1
MAY,23.748538011695917,725.0,1
MAY,-40.254891223179165,0.0,0
MAY,24.05684328530449,364.0,1
MAY,-0.8425778801440215,10.0,1
MAY,-5.737002670798905,731.0,1
MAY,0.0,,0
MAY,0.0,2201.0,1
MAY,0.0,,0
MAY,-29.049897470950103,732.0,1
MAY,0.0,,0
MAY,447.2237327406846,1460.0,1
MAY,0.0,360.0,1
MAY,-8.114139441773451,722.0,1
MAY,0.0,,0
MAY,49.83695685675013,1826.0,1
MAY,14.975121852152723,1090.0,1
MAY,0.0,,0
MAY,18.80689996106413,1461.0,1
MAY,0.0,,0
MAY,11.737456964914328,1095.0,1
MAY,0.0,,0
MAY,70.8338537113359,1826.0,1
MAY,-0.7793428778782119,365.0,1
MAY,0.0,,0
MAY,316.4546937313208,2192.0,1
MAY,0.0,,0
MAY,22.210210974041583,736.0,1
MAY,0.0,,0
MAY,0.0,,0
MAY,79.00570613409414,2548.0,1
MAY,0.0,363.0,1
MAY,7.429305912596402,366.0,1
MAY,0.0,1094.0,1
MAY,0.0,,0
MAY,0.0,,0
MAY,0.0,,0
MAY,-10.022821736877498,1467.0,1
MAY,0.0,,0
MAY,0.0,,0
MAY,0.0,,0
MAY,16.196583182318054,368.0,1
MAY,0.0,360.0,1
MAY,0.0,365.0,1
MAY,-35.69526455945352,365.0,1
MAY,43.2844827586207,2189.0,1
MAY,-60.68900949796473,1451.0,1
MAY,0.0,0.0,0
MAY,5.431256399705243,1092.0,1
MAY,0.0,5.0,1
MAY,-61.67523469640016,1104.0,1
MAY,-2.110575820142238,2548.0,1
MAY,0.0,,0
MAY,-81.43339232067163,1464.0,1
MAY,0.0,,0
MAY,0.0,5.0,1
MAY,0.0,,0
MAY,-77.96716819727756,1101.0,1
MAY,0.0,,0
MAY,0.0,0.0,0
MAY,-31.174032178739548,731.0,1
MAY,0.0,,0
MAY,-39.40827003221706,,0
MAY,9.47996918335901,736.0,1
MAY,0.0,363.0,1
MAY,79.61859399978785,2192.0,1
MAY,0.0,0.0,0
MAY,36.89239212508518,734.0,1
MAY,0.0,0.0,0
MAY,108.53718707800977,2548.0,1
MAY,-2.095043886869413,363.0,1
MAY,0.0,0.0,0
MAY,151.57979604860589,2548.0,1
MAY,0.0,0.0,0
MAY,-29.81807937263016,729.0,1
MAY,0.0,-7.0,0
MAY,61.2714829543343,2548.0,1
MAY,0.0,0.0,0
MAY,-11.285449030665792,720.0,1
MAY,0.0,1452.0,1
MAY,0.0,,0
MAY,0.0,362.0,1
MAY,-5.272004188212395,368.0,1
MAY,21.3042628079781,734.0,1
MAY,0.0,363.0,1
MAY,-0.8939682307298339,364.0,1
MAY,0.0,0.0,0
MAY,0.0,735.0,1
MAY,-14.700442750658532,0.0,0
MAY,30.012368550395085,1092.0,1
MAY,9.154417115412594,1459.0,1
MAY,0.0,,0
MAY,-0.65143632662294,0.0,0
MAY,0.0,,0
MAY,5.705064062535261,1460.0,1
MAY,66.05539240219454,2548.0,1
MAY,0.0,0.0,0
MAY,0.0,732.0,1
MAY,77.44949954630535,3281.0,1
MAY,19.45374362268533,729.0,1
MAY,0.0,,0
MAY,3.2180804335161186,734.0,1
MAY,132.5864386566003,2551.0,1
MAY,0.0,,0
MAY,0.0,,0
MAY,129.82545126117515,2548.0,1
MAY,-1.5038470505945478,364.0,1
MAY,0.0,,0
MAY,-0.9747054954254591,727.0,1
MAY,25.72027817639916,2557.0,1
MAY,0.0,,0
MAY,0.0,,0
MAY,0.0,356.0,1
MAY,0.0,,0
MAY,0.7056272152001187,364.0,1
MAY,0.0,725.0,1
MAY,269.7389577225007,2551.0,1
MAY,0.0,,0
MAY,-1.1041555786467916,0.0,0
MAY,0.0,,0
MAY,478.4662265109192,2551.0,1
MAY,0.0,,0
MAY,38.471334782513225,731.0,1
MAY,0.0,,0
MAY,0.0,,0
MAY,599.52007602756,2192.0,1
MAY,0.0,,0
MAY,1.4238530810303591,6.0,1
MAY,0.0,,0
MAY,0.0,359.0,1
MAY,3.0906926502358933,0.0,0
MAY,-9.413975501113583,358.0,1
MAY,0.0,0.0,0
MAY,0.0,0.0,0
MAY,-11.01542673016054,732.0,1
MAY,81.4774460666812,361.0,1
MAY,0.0,,0
MAY,0.0,738.0,1
MAY,81.47987466859486,368.0,1
MAY,0.0,361.0,1
MAY,12.809742370843932,2191.0,1
MAY,0.0,726.0,1
MAY,20.958295466020395,,0
MAY,0.0,367.0,1
MAY,0.0,0.0,0
MAY,14.445011048784623,365.0,1
MAY,0.0,7.0,1
MAY,0.0,5.0,1
MAY,0.0,0.0,0
MAY,0.0,,0
MAY,30.58495007236948,2185.0,1
MAY,-18.25746896457642,732.0,1
MAY,0.0,,0
MAY,0.0,,0
MAY,0.0,2193.0,1
MAY,0.0,,0
MAY,-6.523638360541159,728.0,1
MAY,0.0,,0
MAY,0.5232588561561404,731.0,1
MAY,47.41185990058952,1456.0,1
MAY,0.0,,0
MAY,0.0,2194.0,1
MAY,41.420748402798914,10.0,1
MAY,0.0,372.0,1
MAY,-7.052970441908103,733.0,1
MAY,-46.43219840718371,,0
MAY,0.0,0.0,0
MAY,18.87924470839044,1096.0,1
MAY,1.5615988642917396,11.0,1
MAY,-9.599201755514247,736.0,1
MAY,0.0,-730.0,0
MAY,0.0,0.0,0
MAY,0.0,,0
MAY,0.0,11.0,1
MAY,39.566899227523976,734.0,1
MAY,0.0,370.0,1
MAY,0.0,,0
MAY,6.205669272744134,735.0,1
MAY,0.0,366.0,1
MAY,0.0,1463.0,1
MAY,0.0,369.0,1
MAY,0.0,-1.0,0
MAY,0.0,0.0,0
MAY,1.8619465999700675,,0
MAY,0.0,,0
MAY,26.59193343349128,369.0,1
MAY,2.1001216985166096,734.0,1
MAY,13.317764916912026,3291.0,1
MAY,0.0,364.0,1
MAY,0.0,367.0,1
MAY,0.0,0.0,0
MAY,0.0,0.0,0
MAY,0.0,2553.0,1
MAY,0.0,2552.0,1
MAY,0.0,0.0,0
MAY,0.0,9.0,1
MAY,26.038914557167946,359.0,1
MAY,6.41916605705926,0.0,0
MAY,0.0,1464.0,1
MAY,0.0,367.0,1
MAY,0.0060261131570082,367.0,1
MAY,31.024888516217548,731.0,1
MAY,0.0,,0
MAY,14.537610747582368,1463.0,1
MAY,36.01700412130404,736.0,1
MAY,0.0,364.0,1
MAY,0.0,0.0,0
MAY,60.51870762676042,2551.0,1
MAY,43.837788853647496,1097.0,1
MAY,0.0,0.0,0
MAY,-3.830385991731223,727.0,1
MAY,37.3190441208245,2556.0,1
MAY,0.0,367.0,1
MAY,0.0,0.0,0
MAY,18.848610226433596,731.0,1
MAY,-11.973506526911455,1099.0,1
MAY,7.254995242626079,2555.0,1
MAY,13.283740701381507,,0
MAY,-10.97234843567441,734.0,1
MAY,4.213371360350196,1453.0,1
MAY,55.71563875424814,1096.0,1
MAY,27.34734121221004,2554.0,1
MAY,0.0,727.0,1
MAY,43.837788853647496,736.0,1
MAY,28.363582504471868,2187.0,1
MAY,0.0,10.0,1
MAY,0.0,726.0,1
MAY,-74.50319795751848,2920.0,1
MAY,0.0,357.0,1
MAY,0.0,0.0,0
MAY,-11.167329011972123,732.0,1
MAY,0.0,731.0,1
MAY,-89.47398126199346,1101.0,1
MAY,0.0,,0
MAY,0.0,,0
MAY,0.0,,0
MAY,-1.5284526064399198,2185.0,1
MAY,-31.689782054910843,0.0,0
MAY,0.0,0.0,0
MAY,-11.815240736209658,1099.0,1
MAY,0.0,0.0,0
MAY,3.952123507473479,367.0,1
MAY,6.527370790334228,371.0,1
MAY,-1.9238088647451652,730.0,1
MAY,0.0,1461.0,1
MAY,0.0,0.0,0
MAY,0.0,,0
MAY,0.0,367.0,1
MAY,0.0,0.0,0
MAY,0.0,6.0,1
MAY,-31.864040355512856,365.0,1
MAY,0.0,368.0,1
MAY,0.0,368.0,1
MAY,0.0,1099.0,1
MAY,15.032953105196452,1463.0,1
MAY,-4.950456195428227,368.0,1
MAY,10.026411566632484,722.0,1
MAY,0.0,372.0,1
MAY,1.953016926985096,1828.0,1
MAY,0.0,364.0,1
MAY,0.0,1463.0,1
MAY,0.0,1.0,1
MAY,-9.3307172443863,356.0,1
MAY,0.0,1461.0,1
MAY,-31.048316762602468,360.0,1
MAY,0.0,4.0,1
MAY,0.0,,0
MAY,0.0,730.0,1
MAY,-9.437991719469323,728.0,1
MAY,23.125888545922624,2554.0,1
MAY,0.0771604938271634,733.0,1
MAY,0.0,363.0,1
MAY,0.0,,0
MAY,0.0,,0
MAY,0.0,1462.0,1
MAY,0.0,737.0,1
MAY,0.0,2.0,1
MAY,0.0,,0
MAY,0.0,1465.0,1
MAY,-1.48615687669848,728.0,1
MAY,0.0,0.0,0
MAY,0.0,0.0,0
MAY,0.0,,0
MAY,0.0,2183.0,1
MAY,0.0,0.0,0
MAY,-0.6135258489987938,1098.0,1
MAY,0.0,,0
MAY,0.0,1822.0,1
MAY,0.0,0.0,0
MAY,0.0,0.0,0
MAY,10.961756910261265,727.0,1
MAY,0.0,0.0,0
MAY,-30.40108585001697,729.0,1
MAY,0.0,0.0,0
MAY,6.684236387189009,729.0,1
MAY,0.0,0.0,0
MAY,49.507468108292905,728.0,1
MAY,0.2849498963098916,1090.0,1
MAY,18.836565096952903,6.0,1
MAY,-0.3661742613920872,8.0,1
MAY,0.0,1837.0,1
MAY,43.30728209813403,2549.0,1
MAY,98.34005729988893,1090.0,1
MAY,-10.440041485392562,0.0,0
MAY,80.7702974726012,2192.0,1
MAY,0.0,0.0,0
MAY,0.0,0.0,0
MAY,-46.13484673983931,0.0,0
MAY,89.15250059422674,1089.0,1
MAY,0.0,0.0,0
MAY,111.91087225627248,1823.0,1
MAY,-52.91562495635292,0.0,0
MAY,0.0,0.0,0
MAY,0.0,367.0,1
MAY,26.10820908043535,2191.0,1
MAY,-1.866593466922874,370.0,1
MAY,0.0,374.0,1
MAY,0.0,,0
MAY,25.3136081137759,367.0,1
MAY,0.0,727.0,1
MAY,0.0,,0
MAY,2.220133629752812,738.0,1
MAY,17.99299453081792,726.0,1
MAY,7.386510307187363,2919.0,1
MAY,0.382405690488506,1097.0,1
MAY,51.76633424424176,2553.0,1
MAY,5.313573883161514,,0
MAY,8.82956019584048,0.0,0
MAY,0.0,0.0,0
MAY,0.0,-359.0,0
MAY,60.95672294897935,1463.0,1
MAY,0.0,2195.0,1
MAY,0.0,374.0,1
MAY,-3.696176495794506,1096.0,1
MAY,-3.756437228609273,1093.0,1
MAY,0.0,6.0,1
MAY,-16.356275303643724,6.0,1
MAY,-13.473053892215578,733.0,1
MAY,19.885233627366123,730.0,1
MAY,-3.0066233180402886,734.0,1
MAY,22.79129912714173,1096.0,1
MAY,0.0,,0
MAY,-7.6229907452508545,738.0,1
MAY,25.278170040547145,733.0,1
MAY,0.0,725.0,1
MAY,0.0,362.0,1
MAY,27.15664195420248,1098.0,1
MAY,-14.420125008282344,1091.0,1
MAY,55.73385518590997,2924.0,1
MAY,36.10622819590556,2917.0,1
MAY,35.35513636570137,732.0,1
MAY,27.66853424905116,2918.0,1
MAY,45.7723269760657,368.0,1
MAY,-2.9650196587086044,735.0,1
MAY,8.701087635954504,1464.0,1
MAY,9.445934297481076,1825.0,1
MAY,0.0,0.0,0
MAY,0.0,0.0,0
MAY,0.0,733.0,1
MAY,83.22166114134109,1458.0,1
MAY,-10.859984890455804,1091.0,1
MAY,-1.8468190240889388,366.0,1
MAY,0.0,0.0,0
MAY,6.274679973963987,1101.0,1
MAY,0.0,2558.0,1
MAY,0.0,2557.0,1
MAY,27.020422291450323,1105.0,1
MAY,0.0,366.0,1
MAY,0.0,735.0,1
MAY,-5.242914341561838,730.0,1
MAY,32.14397184314508,1828.0,1
MAY,0.0,371.0,1
MAY,0.0,733.0,1
MAY,24.042986790212133,1822.0,1
MAY,11.162518412206826,1455.0,1
MAY,34.27908797927773,2563.0,1
MAY,0.0,0.0,0
MAY,-2.207796904383039,2191.0,1
MAY,0.0,0.0,0
MAY,17.232191564500845,367.0,1
MAY,0.0,360.0,1
MAY,-17.010448741899324,0.0,0
MAY,19.25375031782356,2184.0,1
MAY,17.894715607064683,2192.0,1
MAY,0.0,,0
MAY,-29.05262300423591,726.0,1
MAY,0.0,2562.0,1
MAY,-0.5029069767441914,1105.0,1
MAY,0.0,2189.0,1
MAY,0.0,2552.0,1
MAY,0.0,1468.0,1
MAY,35.32237066622852,734.0,1
MAY,-12.41627851630231,2193.0,1
MAY,0.0,2199.0,1
MAY,7.193072492810998,733.0,1
MAY,-24.72716059314081,727.0,1
MAY,25.528789081202323,730.0,1
